Contract_ID,Contract_Date,Close_Date,Start_Spot,End_Spot,Contract_Forward,Contract_Forward_TC,Exposure,Hedged_Exposure,Fee,Partial_Hedged,Partial_Hedged_TC,Full_Hedged,Full_Hedged_TC,Unhedged,Spot_Change,Cum_Partial_Hedged,Cum_Partial_Hedged_TC,Cum_Full_Hedged,Cum_Full_Hedged_TC,Cum_Unhedged,Year
1,2008-01-01,2008-04-01,0.992,1.0223,0.9907718516317536,0.9906718516317536,800000.0,400000.0,80.0,11628.740652701454,11508.740652701457,-982.5186945970898,-1222.518694597081,24239.999999999996,0.030299999999999994,11628.740652701454,11508.740652701457,-982.5186945970898,-1222.518694597081,24239.999999999996,2008
2,2008-02-01,2008-05-01,0.9926,1.0206,0.9893767135172654,0.9892767135172654,800000.0,400000.0,80.0,9910.685406906117,9790.685406906121,-2578.6291861876975,-2818.629186187689,22399.99999999993,0.027999999999999914,21539.42605960757,21299.426059607576,-3561.1478807847875,-4041.1478807847698,46639.99999999993,2008
3,2008-03-03,2008-06-02,0.9891,1.0014,0.985322562245809,0.9852225622458091,800000.0,400000.0,80.0,3409.024898323665,3289.0248983236693,-3021.950203352741,-3261.9502033527324,9840.000000000071,0.012300000000000089,24948.450957931236,24588.450957931247,-6583.0980841375285,-7303.098084137502,56480.0,2008
4,2008-04-01,2008-07-01,1.0223,1.0222,1.021485661654884,1.021385661654884,800000.0,400000.0,80.0,-365.7353380464024,-485.73533804639794,-651.4706760928135,-891.4706760928048,-79.99999999999119,-9.999999999998899e-05,24582.715619884835,24102.71561988485,-7234.568760230342,-8194.568760230308,56400.00000000001,2008
5,2008-05-01,2008-08-01,1.0206,1.0269,1.017482541968809,1.017382541968809,800000.0,400000.0,80.0,1273.0167875235845,1153.0167875235888,-2493.966424952809,-2733.9664249528005,5039.999999999978,0.006299999999999972,25855.73240740842,25255.73240740844,-9728.535185183151,-10928.535185183107,61439.999999999985,2008
6,2008-06-02,2008-09-01,1.0014,1.0667,0.9993359243071424,0.9992359243071424,800000.0,400000.0,80.0,25294.36972285688,25174.369722856885,-1651.2605542861713,-1891.2605542861625,52239.999999999935,0.06529999999999991,51150.1021302653,50430.102130265324,-11379.795739469322,-12819.79573946927,113679.99999999991,2008
7,2008-07-01,2008-10-01,1.0222,1.0616,1.0203465325385,1.0202465325385,800000.0,400000.0,80.0,15018.613015400017,14898.613015400022,-1482.7739692000464,-1722.7739692000375,31520.00000000008,0.0394000000000001,66168.71514566532,65328.715145665345,-12862.569708669369,-14542.569708669307,145200.0,2008
8,2008-08-01,2008-11-03,1.0269,1.1815,1.024986093784946,1.024886093784946,800000.0,400000.0,80.0,61074.43751397845,60954.43751397846,-1531.124972043152,-1771.124972043143,123680.00000000006,0.15460000000000007,127243.15265964378,126283.1526596438,-14393.69468071252,-16313.69468071245,268880.00000000006,2008
9,2008-09-01,2008-12-01,1.0667,1.2437,1.064844500770339,1.064744500770339,800000.0,400000.0,80.0,70057.80030813566,69937.80030813566,-1484.3993837287073,-1724.3993837286985,141600.00000000003,0.17700000000000005,197300.95296777942,196220.95296777948,-15878.094064441228,-18038.09406444115,410480.0000000001,2008
10,2008-10-01,2009-01-01,1.0616,1.2204,1.0594063931487752,1.0593063931487752,800000.0,400000.0,80.0,62642.55725950996,62522.557259509966,-1754.885480979951,-1994.885480979942,127039.99999999987,0.15879999999999983,259943.51022728937,258743.51022728946,-17632.979545421178,-20032.97954542109,537520.0,2008
11,2008-11-03,2009-02-02,1.1815,1.2423,1.1771205905766458,1.1770205905766458,800000.0,400000.0,80.0,22568.236230658287,22448.236230658295,-3503.5275386833932,-3743.527538683384,48639.99999999997,0.060799999999999965,282511.74645794765,281191.74645794777,-21136.50708410457,-23776.507084104476,586160.0,2008
12,2008-12-01,2009-03-02,1.2437,1.2905,1.2386533706746328,1.2385533706746328,800000.0,400000.0,80.0,16701.34826985308,16581.348269853082,-4037.3034602938064,-4277.303460293798,37439.99999999996,0.04679999999999995,299213.09472780075,297773.09472780087,-25173.810544398377,-28053.810544398275,623600.0,2008
13,2009-01-01,2009-04-01,1.2204,1.26,1.2182078287553326,1.2181078287553326,800000.0,400000.0,80.0,14963.13150213311,14843.131502133114,-1753.7369957338456,-1993.7369957338367,31680.000000000065,0.03960000000000008,314176.22622993385,312616.22622993396,-26927.547540132222,-30047.547540132113,655280.0000000001,2009
14,2009-02-02,2009-05-01,1.2423,1.1851,1.240564381408577,1.240464381408577,800000.0,400000.0,80.0,-23574.247436569174,-23694.24743656917,-1388.494873138413,-1628.494873138404,-45759.999999999935,-0.05719999999999992,290601.97879336466,288921.9787933648,-28316.042413270636,-31676.042413270516,609520.0000000002,2009
15,2009-03-02,2009-06-01,1.2905,1.0907,1.2892438665235728,1.2891438665235728,800000.0,400000.0,80.0,-80422.45339057085,-80542.45339057085,-1004.9067811417344,-1244.9067811417258,-159839.99999999997,-0.19979999999999998,210179.5254027938,208379.52540279392,-29320.94919441237,-32920.94919441224,449680.00000000023,2009
16,2009-04-01,2009-07-01,1.26,1.1483,1.2594650216039365,1.2593650216039365,800000.0,400000.0,80.0,-44893.99135842538,-45013.99135842537,-427.98271685082767,-667.9827168508189,-89359.99999999993,-0.11169999999999991,165285.53404436843,163365.53404436854,-29748.931911263197,-33588.93191126306,360320.0000000003,2009
17,2009-05-01,2009-08-03,1.1851,1.0657,1.1849223327170055,1.1848223327170055,800000.0,400000.0,80.0,-47831.066913197785,-47951.06691319778,-142.13382639560734,-382.13382639559853,-95519.99999999996,-0.11939999999999995,117454.46713117065,115414.46713117076,-29891.065737658802,-33971.06573765866,264800.00000000035,2009
18,2009-06-01,2009-09-01,1.0907,1.1035,1.0905092228885558,1.0904092228885558,800000.0,400000.0,80.0,5043.689155422282,4923.689155422287,-152.62168915537444,-392.62168915536563,10239.999999999938,0.012799999999999923,122498.15628659293,120338.15628659305,-30043.687426814176,-34363.687426814024,275040.0000000003,2009
19,2009-07-01,2009-10-01,1.1483,1.0836,1.1480991679992003,1.1479991679992003,800000.0,400000.0,80.0,-25960.332800319997,-26080.33280031999,-160.66560063983104,-400.66560063982223,-51760.00000000016,-0.0647000000000002,96537.82348627293,94257.82348627306,-30204.353027454006,-34764.35302745384,223280.00000000012,2009
20,2009-08-03,2009-11-02,1.0657,1.0778,1.0655934912425356,1.0654934912425356,800000.0,400000.0,80.0,4797.396497014183,4677.396497014188,-85.20700597163255,-325.20700597162374,9680.0,0.0121,101335.21998328711,98935.21998328724,-30289.560033425638,-35089.56003342546,232960.00000000012,2009
21,2009-09-01,2009-12-01,1.1035,1.0465,1.1033069888308638,1.1032069888308638,800000.0,400000.0,80.0,-22877.204467654443,-22997.20446765444,-154.40893530893618,-394.40893530892737,-45599.99999999995,-0.05699999999999994,78458.01551563267,75938.01551563281,-30443.968968734574,-35483.96896873439,187360.00000000017,2009
22,2009-10-01,2010-01-01,1.0836,1.0517,1.0832750986957174,1.0831750986957174,800000.0,400000.0,80.0,-12889.96052171294,-13009.960521712936,-259.92104342602573,-499.9210434260169,-25519.999999999854,-0.03189999999999982,65568.05499391972,62928.054993919875,-30703.8900121606,-35983.89001216041,161840.00000000032,2009
23,2009-11-02,2010-02-01,1.0778,1.0616,1.0773691169856578,1.0772691169856579,800000.0,400000.0,80.0,-6652.353205736894,-6772.35320573689,-344.7064114737941,-584.7064114737852,-12959.999999999995,-0.016199999999999992,58915.70178818283,56155.70178818298,-31048.596423634393,-36568.5964236342,148880.00000000032,2009
24,2009-12-01,2010-03-01,1.0465,1.0418,1.0460816301034432,1.0459816301034432,800000.0,400000.0,80.0,-2047.3479586226695,-2167.3479586226654,-334.6959172453978,-574.695917245389,-3759.9999999999413,-0.0046999999999999265,56868.35382956016,53988.353829560314,-31383.29234087979,-37143.29234087958,145120.00000000038,2009
25,2010-01-01,2010-04-01,1.0517,1.0084,1.051358359779105,1.051258359779105,800000.0,400000.0,80.0,-17456.656088358093,-17576.656088358086,-273.31217671608954,-513.3121767160808,-34640.000000000095,-0.043300000000000116,39411.697741202064,36411.697741202224,-31656.60451759588,-37656.60451759566,110480.00000000029,2010
26,2010-02-01,2010-05-03,1.0616,1.0106,1.0614408236705322,1.0613408236705322,800000.0,400000.0,80.0,-20463.670531787237,-20583.670531787233,-127.34106357434882,-367.34106357434,-40800.000000000124,-0.051000000000000156,18948.027209414828,15828.027209414991,-31783.94558117023,-38023.94558117,69680.00000000017,2010
27,2010-03-01,2010-06-01,1.0418,1.0549,1.0417218962415034,1.0416218962415034,800000.0,400000.0,80.0,5208.758496601273,5088.758496601277,-62.48300679736474,-302.4830067973559,10479.99999999991,0.01309999999999989,24156.7857060161,20916.785706016268,-31846.42858796759,-38326.428587967355,80160.00000000009,2010
28,2010-04-01,2010-07-01,1.0084,1.0588,1.0080976916158688,1.0079976916158688,800000.0,400000.0,80.0,20039.07664634754,19919.076646347545,-241.84670730491575,-481.84670730490694,40320.0,0.0504,44195.86235236364,40835.86235236381,-32088.275295272506,-38808.275295272266,120480.00000000009,2010
29,2010-05-03,2010-08-02,1.0106,1.023,1.0100447114063786,1.0099447114063786,800000.0,400000.0,80.0,4737.884562551464,4617.884562551469,-444.2308748970447,-684.2308748970358,9919.999999999973,0.012399999999999967,48933.74691491511,45453.746914915275,-32532.506170169552,-39492.506170169305,130400.00000000006,2010
30,2010-06-01,2010-09-01,1.0549,1.0499,1.0541360569359468,1.0540360569359468,800000.0,400000.0,80.0,-2305.5772256212135,-2425.5772256212094,-611.1544512425127,-851.1544512425039,-3999.9999999999145,-0.004999999999999893,46628.16968929389,43028.16968929407,-33143.66062141206,-40343.66062141181,126400.00000000015,2010
31,2010-07-01,2010-10-01,1.0588,1.02,1.0579275805243444,1.0578275805243444,800000.0,400000.0,80.0,-15868.96779026219,-15988.967790262184,-697.9355805244224,-937.9355805244137,-31039.999999999956,-0.038799999999999946,30759.2018990317,27039.201899031883,-33841.59620193648,-41281.59620193622,95360.00000000019,2010
32,2010-08-02,2010-11-01,1.023,1.0157,1.0217488581055785,1.0216488581055785,800000.0,400000.0,80.0,-3420.4567577685198,-3540.456757768515,-1000.9135155371496,-1240.9135155371407,-5839.99999999989,-0.007299999999999862,27338.74514126318,23498.745141263367,-34842.50971747363,-42522.50971747336,89520.0000000003,2010
33,2010-09-01,2010-12-01,1.0499,1.0166,1.0484065061143,1.0483065061143,800000.0,400000.0,80.0,-13917.397554280076,-14037.397554280073,-1194.795108560065,-1434.7951085600562,-26640.000000000087,-0.03330000000000011,13421.347586983105,9461.347586983295,-36037.304826033695,-43957.30482603342,62880.00000000022,2010
34,2010-10-01,2011-01-03,1.02,0.9932,1.0181934292912913,1.0180934292912913,800000.0,400000.0,80.0,-11442.628283483502,-11562.628283483498,-1445.2565669669682,-1685.2565669669593,-21440.000000000036,-0.026800000000000046,1978.7193034996035,-2101.2806965002037,-37482.561393000666,-45642.561393000375,41440.00000000018,2010
35,2010-11-01,2011-02-01,1.0157,0.9903,1.0136985957298217,1.0135985957298217,800000.0,400000.0,80.0,-10960.561708071382,-11080.561708071378,-1601.1234161426912,-1841.1234161426823,-20320.000000000073,-0.02540000000000009,-8981.842404571778,-13181.842404571582,-39083.68480914336,-47483.68480914306,21120.00000000011,2010
36,2010-12-01,2011-03-01,1.0166,0.974,1.014445165955961,1.014345165955961,800000.0,400000.0,80.0,-17901.933617615563,-18021.93361761556,-1723.8672352311469,-1963.867235231138,-34079.99999999998,-0.04259999999999997,-26883.77602218734,-31203.776022187143,-40807.552044374504,-49447.5520443742,-12959.999999999869,2010
37,2011-01-03,2011-04-01,0.9932,0.9634,0.9911441468402412,0.9910441468402412,800000.0,400000.0,80.0,-12742.341263903478,-12862.341263903474,-1644.6825278070064,-1884.6825278069978,-23839.99999999995,-0.029799999999999938,-39626.11728609082,-44066.117286090615,-42452.23457218151,-51332.234572181194,-36799.99999999982,2011
38,2011-02-01,2011-05-02,0.9903,0.9502,0.9883240927796484,0.9882240927796484,800000.0,400000.0,80.0,-16830.362888140593,-16950.36288814059,-1580.7257762812555,-1820.7257762812467,-32079.99999999993,-0.040099999999999913,-56456.480174231416,-61016.480174231205,-44032.960348462766,-53152.96034846244,-68879.99999999975,2011
39,2011-03-01,2011-06-01,0.974,0.9773,0.9720323232323232,0.9719323232323233,800000.0,400000.0,80.0,532.9292929292963,412.9292929293007,-1574.1414141413834,-1814.1414141413745,2639.999999999976,0.0032999999999999696,-55923.55088130212,-60603.550881301904,-45607.10176260415,-54967.101762603816,-66239.99999999978,2011
40,2011-04-01,2011-07-01,0.9634,0.9585,0.9613574728125313,0.9612574728125313,800000.0,400000.0,80.0,-2777.0108749875176,-2897.0108749875135,-1634.021749975023,-1874.0217499750142,-3920.0000000000123,-0.0049000000000000155,-58700.56175628964,-63500.56175628942,-47241.12351257917,-56841.12351257883,-70159.9999999998,2011
41,2011-05-02,2011-08-01,0.9502,0.9566,0.9480198269197198,0.9479198269197198,800000.0,400000.0,80.0,1687.9307678878686,1567.9307678878731,-1744.138464224232,-1984.138464224223,5119.999999999969,0.006399999999999961,-57012.63098840177,-61932.63098840154,-48985.261976803406,-58825.261976803056,-65039.999999999825,2011
42,2011-06-01,2011-09-01,0.9773,0.9759,0.9751062850729516,0.9750062850729516,800000.0,400000.0,80.0,-1437.485970819319,-1557.4859708193144,-1754.9719416386722,-1994.9719416386633,-1119.9999999999654,-0.0013999999999999568,-58450.116959221086,-63490.11695922086,-50740.23391844208,-60820.23391844172,-66159.9999999998,2011
43,2011-07-01,2011-10-03,0.9585,1.0545,0.9563244706058416,0.9562244706058416,800000.0,400000.0,80.0,37529.78824233662,37409.788242336625,-1740.42351532675,-1980.4235153267412,76799.99999999999,0.09599999999999997,-20920.32871688447,-26080.328716884236,-52480.65743376883,-62800.657433768465,10640.00000000019,2011
44,2011-08-01,2011-11-01,0.9566,1.0198,0.9546434700189566,0.9545434700189566,800000.0,400000.0,80.0,24497.388007582635,24377.38800758264,-1565.2239848347626,-1805.2239848347538,50560.00000000003,0.06320000000000003,3577.0592906981656,-1702.940709301598,-54045.88141860359,-64605.88141860322,61200.00000000022,2011
45,2011-09-01,2011-12-01,0.9759,1.0139,0.9736849774274812,0.9735849774274812,800000.0,400000.0,80.0,14313.990970992485,14193.990970992489,-1772.0180580150568,-2012.0180580150482,30400.000000000025,0.038000000000000034,17891.050261690652,12491.05026169089,-55817.899476618644,-66617.89947661827,91600.00000000025,2011
46,2011-10-03,2012-01-02,1.0545,1.0195,1.0523690592021555,1.0522690592021555,800000.0,400000.0,80.0,-14852.37631913776,-14972.376319137757,-1704.7526382755862,-1944.7526382755773,-27999.999999999935,-0.03499999999999992,3038.673942552892,-2481.326057446866,-57522.652114894234,-68562.65211489385,63600.00000000031,2011
47,2011-11-01,2012-02-01,1.0198,0.9988,1.017561420838634,1.0174614208386341,800000.0,400000.0,80.0,-9295.431664546382,-9415.431664546379,-1790.8633290927512,-2030.8633290927423,-16800.000000000015,-0.02100000000000002,-6256.75772199349,-11896.757721993245,-59313.51544398699,-70593.51544398659,46800.0000000003,2011
48,2011-12-01,2012-03-01,1.0139,0.9856,1.011750084817642,1.011650084817642,800000.0,400000.0,80.0,-12179.966072943227,-12299.966072943222,-1719.9321458864601,-1959.9321458864515,-22639.999999999993,-0.028299999999999992,-18436.72379493672,-24196.723794936464,-61033.447589873445,-72553.44758987305,24160.000000000306,2011
49,2012-01-02,2012-04-02,1.0195,0.9905,1.01743978744106,1.01733978744106,800000.0,400000.0,80.0,-12424.085023576083,-12544.085023576077,-1648.1700471521422,-1888.1700471521333,-23200.000000000022,-0.029000000000000026,-30860.8088185128,-36740.80881851254,-62681.617637025585,-74441.61763702518,960.0000000002838,2012
50,2012-02-01,2012-05-01,0.9988,0.9858,0.9967320910973086,0.9966320910973087,800000.0,400000.0,80.0,-6027.163561076553,-6147.16356107655,-1654.3271221530986,-1894.32712215309,-10400.00000000001,-0.013000000000000012,-36887.97237958935,-42887.97237958909,-64335.94475917868,-76335.94475917827,-9439.999999999725,2012
51,2012-03-01,2012-06-01,0.9856,1.0404,0.9835104581847206,0.9834104581847206,800000.0,400000.0,80.0,21084.183273888215,20964.18327388822,-1671.633452223542,-1911.6334522235334,43839.99999999997,0.05479999999999996,-15803.789105701137,-21923.78910570087,-66007.57821140223,-78247.5782114018,34400.00000000025,2012
52,2012-04-02,2012-07-02,0.9905,1.0166,0.9884247231367854,0.9883247231367854,800000.0,400000.0,80.0,9609.88925471411,9489.889254714115,-1660.2214905717005,-1900.2214905716917,20879.99999999992,0.0260999999999999,-6193.899850987027,-12433.899850986756,-67667.79970197393,-80147.79970197349,55280.00000000017,2012
53,2012-05-01,2012-08-01,0.9858,1.0053,0.9834157532538772,0.9833157532538772,800000.0,400000.0,80.0,6846.301301550906,6726.30130155091,-1907.3973968982473,-2147.397396898238,15600.000000000058,0.019500000000000073,652.4014505638788,-5707.5985494358465,-69575.19709887217,-82295.19709887172,70880.00000000023,2012
54,2012-06-01,2012-09-03,1.0404,0.9856,1.038142435277099,1.038042435277099,800000.0,400000.0,80.0,-22823.02588916041,-22943.025889160406,-1806.0517783208497,-2046.0517783208409,-43839.99999999997,-0.05479999999999996,-22170.624438596533,-28650.624438596253,-71381.24887719302,-84341.24887719256,27040.000000000262,2012
55,2012-07-02,2012-10-01,1.0166,0.9821,1.0146726039016116,1.0145726039016116,800000.0,400000.0,80.0,-14570.95843935532,-14690.958439355316,-1541.9168787106585,-1781.9168787106496,-27599.99999999998,-0.034499999999999975,-36741.58287795185,-43341.58287795157,-72923.16575590368,-86123.1657559032,-559.9999999997199,2012
56,2012-08-01,2012-11-01,1.0053,0.9964,1.0030937453239563,1.0029937453239564,800000.0,400000.0,80.0,-4442.501870417547,-4562.501870417544,-1765.0037408349917,-2005.0037408349829,-7120.000000000104,-0.00890000000000013,-41184.084748369394,-47904.08474836912,-74688.16949673867,-88128.16949673819,-7679.999999999824,2012
57,2012-09-03,2012-12-03,0.9856,0.995,0.983289788793856,0.983189788793856,800000.0,400000.0,80.0,2835.9155175423643,2715.915517542369,-1848.1689649152422,-2088.168964915233,7519.999999999971,0.009399999999999964,-38348.16923082703,-45188.16923082675,-76536.33846165391,-90216.33846165343,-159.99999999985266,2012
58,2012-10-01,2013-01-01,0.9821,0.9928,0.979895730566847,0.979795730566847,800000.0,400000.0,80.0,3398.2922267388194,3278.292226738824,-1763.4155465223955,-2003.4155465223866,8560.000000000035,0.010700000000000043,-34949.87700408821,-41909.87700408793,-78299.7540081763,-92219.75400817582,8400.000000000182,2012
59,2012-11-01,2013-02-01,0.9964,0.9963,0.9941636350033666,0.9940636350033666,800000.0,400000.0,80.0,-934.5459986533466,-1054.5459986533422,-1789.091997306702,-2029.0919973066932,-79.99999999999119,-9.999999999998899e-05,-35884.423002741554,-42964.42300274127,-80088.846005483,-94248.84600548251,8320.000000000191,2012
60,2012-12-03,2013-03-01,0.995,1.0267,0.9928906347424868,0.9927906347424869,800000.0,400000.0,80.0,11836.25389699472,11716.253896994724,-1687.4922060105214,-1927.4922060105125,25359.99999999996,0.03169999999999995,-24048.169105746834,-31248.169105746547,-81776.33821149352,-96176.33821149303,33680.00000000015,2012
61,2013-01-01,2013-04-01,0.9928,1.0167,0.9906456150853038,0.9905456150853038,800000.0,400000.0,80.0,8698.246034121483,8578.246034121486,-1723.5079317569734,-1963.5079317569646,19119.999999999938,0.02389999999999992,-15349.923071625351,-22669.92307162506,-83499.8461432505,-98139.84614324999,52800.00000000009,2013
62,2013-02-01,2013-05-01,0.9963,1.0083,0.9941380739780014,0.9940380739780014,800000.0,400000.0,80.0,3935.229591200562,3815.2295912005666,-1729.5408175988846,-1969.540817598876,9600.00000000001,0.01200000000000001,-11414.69348042479,-18854.693480424496,-85229.38696084938,-100109.38696084886,62400.000000000095,2013
63,2013-03-01,2013-06-03,1.0267,1.0276,1.02452348613328,1.02442348613328,800000.0,400000.0,80.0,-510.6055466879589,-630.6055466879545,-1741.2110933760162,-1981.2110933760073,720.0000000000983,0.0009000000000001229,-11925.29902711275,-19485.29902711245,-86970.5980542254,-102090.59805422487,63120.0000000002,2013
64,2013-04-01,2013-07-01,1.0167,1.0495,1.0144433149612189,1.0143433149612189,800000.0,400000.0,80.0,12217.325984487637,12097.325984487641,-1805.348031024856,-2045.3480310248472,26240.00000000013,0.03280000000000016,292.0269573748883,-7387.97304262481,-88775.94608525025,-104135.94608524971,89360.00000000032,2013
65,2013-05-01,2013-08-01,1.0083,1.0345,1.005961490311479,1.005861490311479,800000.0,400000.0,80.0,9544.596124591642,9424.596124591646,-1870.8077508167164,-2110.8077508167075,20960.0,0.0262,9836.62308196653,2036.6230819668363,-90646.75383606697,-106246.75383606642,110320.00000000032,2013
66,2013-06-03,2013-09-02,1.0276,1.0543,1.025139971571781,1.025039971571781,800000.0,400000.0,80.0,9695.98862871237,9575.988628712375,-1968.022742575215,-2208.0227425752064,21359.999999999956,0.026699999999999946,19532.611710678902,11612.611710679212,-92614.77657864218,-108454.77657864163,131680.0000000003,2013
67,2013-07-01,2013-10-01,1.0495,1.0322,1.0469091589157915,1.0468091589157915,800000.0,400000.0,80.0,-7956.336433683475,-8076.336433683471,-2072.672867366876,-2312.672867366867,-13840.000000000075,-0.017300000000000093,11576.275276995428,3536.2752769957406,-94687.44944600905,-110767.4494460085,117840.00000000022,2013
68,2013-08-01,2013-11-01,1.0345,1.0419,1.032023391521197,1.031923391521197,800000.0,400000.0,80.0,1969.3566084788115,1849.3566084788158,-1981.2867830424352,-2221.2867830424266,5920.000000000058,0.007400000000000073,13545.631885474239,5385.631885474557,-96668.73622905149,-112988.73622905092,123760.00000000028,2013
69,2013-09-02,2013-12-02,1.0543,1.0641,1.0517759270804758,1.0516759270804759,800000.0,400000.0,80.0,2910.3708321903455,2790.3708321903496,-2019.2583356193338,-2259.258335619325,7840.000000000025,0.009800000000000031,16456.002717664585,8176.002717664906,-98687.99456467082,-115247.99456467024,131600.0000000003,2013
70,2013-10-01,2014-01-01,1.0322,1.0641,1.029728774502469,1.029628774502469,800000.0,400000.0,80.0,11771.509800987624,11651.509800987627,-1976.9803980247857,-2216.980398024777,25520.000000000033,0.03190000000000004,28227.51251865221,19827.512518652533,-100664.9749626956,-117464.97496269502,157120.00000000032,2013
71,2013-11-01,2014-02-03,1.0419,1.1116,1.0396649438762784,1.0395649438762784,800000.0,400000.0,80.0,26985.977550511285,26865.977550511292,-1788.0448989773256,-2028.0448989773167,55759.9999999999,0.06969999999999987,55213.4900691635,46693.490069163825,-102453.01986167293,-119493.01986167234,212880.00000000023,2013
72,2013-12-02,2014-03-03,1.0641,1.1076,1.061737928368334,1.061637928368334,800000.0,400000.0,80.0,16455.171347333497,16335.1713473335,-1889.6573053329034,-2129.657305332895,34799.9999999999,0.04349999999999987,71668.661416497,63028.66141649733,-104342.67716700584,-121622.67716700523,247680.00000000012,2013
73,2014-01-01,2014-04-01,1.0641,1.1021,1.0618704621984985,1.0617704621984985,800000.0,400000.0,80.0,14308.184879399376,14188.184879399381,-1783.6302412012728,-2023.630241201264,30400.000000000025,0.038000000000000034,85976.84629589636,77216.84629589671,-106126.30740820711,-123646.30740820648,278080.0000000001,2014
74,2014-02-03,2014-05-01,1.1116,1.0954,1.109270822420115,1.109170822420115,800000.0,400000.0,80.0,-7411.671031953926,-7531.671031953922,-1863.342063907858,-2103.342063907849,-12959.999999999995,-0.016199999999999992,78565.17526394244,69685.17526394279,-107989.64947211496,-125749.64947211434,265120.0000000001,2014
75,2014-03-03,2014-06-02,1.1076,1.0899,1.1053894973181988,1.1052894973181988,800000.0,400000.0,80.0,-7964.201072720378,-8084.201072720374,-1768.4021454408949,-2008.4021454408862,-14159.999999999862,-0.017699999999999827,70600.97419122206,61600.97419122241,-109758.05161755586,-127758.05161755522,250960.00000000026,2014
76,2014-04-01,2014-07-01,1.1021,1.0631,1.0997632367981245,1.0996632367981245,800000.0,400000.0,80.0,-16534.705280750295,-16654.70528075029,-1869.410561500473,-2109.410561500464,-31200.000000000116,-0.039000000000000146,54066.26891047177,44946.26891047212,-111627.46217905633,-129867.46217905568,219760.00000000015,2014
77,2014-05-01,2014-08-01,1.0954,1.0914,1.092886549445068,1.092786549445068,800000.0,400000.0,80.0,-2605.3802219728086,-2725.380221972804,-2010.760443945614,-2250.760443945605,-3200.0000000000027,-0.0040000000000000036,51460.88868849896,42220.88868849932,-113638.22262300194,-132118.2226230013,216560.00000000015,2014
78,2014-06-02,2014-09-01,1.0899,1.087,1.0874805976105557,1.0873805976105557,800000.0,400000.0,80.0,-2127.760955777802,-2247.760955777798,-1935.5219115555044,-2175.5219115554955,-2320.0000000000996,-0.0029000000000001247,49333.12773272116,39973.12773272152,-115573.74453455745,-134293.74453455678,214240.00000000006,2014
79,2014-07-01,2014-10-01,1.0631,1.1162,1.060634148896371,1.060534148896371,800000.0,400000.0,80.0,20253.65955854852,20133.659558548523,-1972.6808829030774,-2212.6808829030683,42480.00000000012,0.05310000000000015,69586.78729126968,60106.78729127004,-117546.42541746053,-136506.42541745986,256720.00000000017,2014
80,2014-08-01,2014-11-03,1.0914,1.1357,1.0888685704309655,1.0887685704309655,800000.0,400000.0,80.0,16707.42817238624,16587.428172386248,-2025.1436552275236,-2265.143655227515,35440.00000000001,0.044300000000000006,86294.21546365591,76694.21546365629,-119571.56907268806,-138771.5690726874,292160.0000000002,2014
81,2014-09-01,2014-12-01,1.087,1.1328,1.0845328727490398,1.0844328727490398,800000.0,400000.0,80.0,17333.14909961594,17213.149099615945,-1973.7018007681684,-2213.7018007681595,36640.00000000005,0.04580000000000006,103627.36456327185,93907.36456327223,-121545.27087345622,-140985.27087345553,328800.00000000023,2014
82,2014-10-01,2015-01-01,1.1162,1.1615,1.1136943130799164,1.1135943130799164,800000.0,400000.0,80.0,17117.725231966488,16997.72523196649,-2004.5495360669463,-2244.5495360669374,36239.99999999992,0.045299999999999896,120745.08979523834,110905.08979523872,-123549.82040952316,-143229.82040952248,365040.0000000002,2014
83,2014-11-03,2015-02-02,1.1357,1.2566,1.1332636050688487,1.1331636050688487,800000.0,400000.0,80.0,47385.44202753951,47265.44202753952,-1949.115944920976,-2189.115944920967,96720.0,0.12090000000000001,168130.53182277785,158170.53182277823,-125498.93635444414,-145418.93635444346,461760.0000000002,2014
84,2014-12-01,2015-03-02,1.1328,1.2535,1.130313496794792,1.130213496794792,800000.0,400000.0,80.0,47285.39871791684,47165.39871791685,-1989.202564166348,-2229.202564166339,96560.00000000003,0.12070000000000003,215415.93054069468,205335.9305406951,-127488.1389186105,-147648.1389186098,558320.0000000002,2014
85,2015-01-01,2015-04-01,1.1615,1.2619,1.1589794717018782,1.1588794717018782,800000.0,400000.0,80.0,39151.788680751306,39031.78868075131,-2016.4226384974172,-2256.422638497408,80320.00000000003,0.10040000000000004,254567.719221446,244367.7192214464,-129504.56155710791,-149904.5615571072,638640.0000000002,2015
86,2015-02-02,2015-05-01,1.2566,1.2158,1.2547806590114827,1.2546806590114827,800000.0,400000.0,80.0,-17047.736395406864,-17167.73639540686,-1455.472790813772,-1695.4727908137634,-32639.999999999956,-0.04079999999999995,237519.98282603914,227199.98282603954,-130960.03434792168,-151600.03434792097,606000.0000000002,2015
87,2015-03-02,2015-06-01,1.2535,1.2521,1.251810140802876,1.251710140802876,800000.0,400000.0,80.0,-1235.9436788496937,-1355.9436788496891,-1351.8873576993328,-1591.8873576993242,-1120.0000000000543,-0.0014000000000000679,236284.03914718944,225844.03914718985,-132311.921705621,-153191.9217056203,604880.0000000002,2015
88,2015-04-01,2015-07-01,1.2619,1.2586,1.2602303200519274,1.2601303200519274,800000.0,400000.0,80.0,-1987.8719792290944,-2107.87197922909,-1335.7439584581243,-1575.7439584581155,-2640.0000000000646,-0.0033000000000000806,234296.16716796035,223736.16716796075,-133647.66566407913,-154767.66566407843,602240.0000000001,2015
89,2015-05-01,2015-08-03,1.2158,1.3151,1.2138275794938354,1.2137275794938354,800000.0,400000.0,80.0,38931.031797534124,38811.031797534124,-1577.9364049317123,-1817.9364049317037,79439.99999999996,0.09929999999999994,273227.19896549446,262547.19896549487,-135225.60206901084,-156585.60206901014,681680.0000000001,2015
90,2015-06-01,2015-09-01,1.2521,1.3259,1.2501935501585004,1.2500935501585004,800000.0,400000.0,80.0,28757.420063400208,28637.42006340021,-1525.159873199655,-1765.1598731996464,59040.00000000007,0.07380000000000009,301984.6190288947,291184.6190288951,-136750.7619422105,-158350.7619422098,740720.0000000002,2015
91,2015-07-01,2015-10-01,1.2586,1.3265,1.2568090918168655,1.2567090918168655,800000.0,400000.0,80.0,26443.636726746256,26323.63672674626,-1432.7265465075457,-1672.7265465075368,54320.00000000006,0.06790000000000007,328428.255755641,317508.2557556414,-138183.48848871802,-160023.48848871732,795040.0000000002,2015
92,2015-08-03,2015-11-02,1.3151,1.3091,1.314016153442721,1.313916153442721,800000.0,400000.0,80.0,-2833.538622911558,-2953.5386229115534,-867.0772458231113,-1107.0772458231024,-4800.000000000005,-0.006000000000000005,325594.7171327294,314554.7171327298,-139050.56573454113,-161130.56573454043,790240.0000000002,2015
93,2015-09-01,2015-12-01,1.3259,1.3353,1.324774026525464,1.324674026525464,800000.0,400000.0,80.0,3309.6106101854875,3189.6106101854916,-900.778779628908,-1140.7787796288992,7519.999999999883,0.009399999999999853,328904.3277429149,317744.3277429153,-139951.34451417005,-162271.34451416932,797760.0000000001,2015
94,2015-10-01,2016-01-01,1.3265,1.3848,1.3250755437904254,1.3249755437904254,800000.0,400000.0,80.0,22750.217516170145,22630.21751617015,-1139.5649676597232,-1379.5649676597143,46640.000000000015,0.05830000000000002,351654.545259085,340374.5452590855,-141090.90948182976,-163650.90948182903,844400.0000000001,2015
95,2015-11-02,2016-02-01,1.3091,1.3945,1.3080210983741662,1.3079210983741663,800000.0,400000.0,80.0,33728.43934966659,33608.43934966659,-863.1213006669469,-1103.1213006669382,68320.00000000012,0.08540000000000014,385382.9846087516,373982.9846087521,-141954.0307824967,-164754.03078249597,912720.0000000002,2015
96,2015-12-01,2016-03-01,1.3353,1.3406,1.334399752796644,1.334299752796644,800000.0,400000.0,80.0,1759.9011186576695,1639.9011186576738,-720.1977626847267,-960.1977626847179,4240.0000000000655,0.005300000000000082,387142.8857274093,375622.88572740974,-142674.22854518142,-165714.2285451807,916960.0000000003,2015
97,2016-01-01,2016-04-01,1.3848,1.3009,1.3835552981124537,1.3834552981124537,800000.0,400000.0,80.0,-34057.88075501857,-34177.88075501857,-995.7615100370631,-1235.7615100370544,-67120.00000000007,-0.08390000000000009,353085.0049723907,341445.0049723912,-143669.99005521848,-166949.99005521776,849840.0000000002,2016
98,2016-02-01,2016-05-02,1.3945,1.2527,1.3940473307031562,1.3939473307031562,800000.0,400000.0,80.0,-56901.0677187376,-57021.06771873759,-362.13543747507515,-602.1354374750663,-113440.00000000012,-0.14180000000000015,296183.93725365313,284423.9372536536,-144032.12549269357,-167552.1254926928,736400.0000000001,2016
99,2016-03-01,2016-06-01,1.3406,1.3075,1.3401648054737054,1.3400648054737054,800000.0,400000.0,80.0,-13414.0778105178,-13534.077810517796,-348.1556210356729,-588.1556210356641,-26479.999999999927,-0.03309999999999991,282769.8594431353,270889.8594431358,-144380.28111372923,-168140.28111372847,709920.0000000002,2016
100,2016-04-01,2016-07-01,1.3009,1.2915,1.3002177779442612,1.3001177779442612,800000.0,400000.0,80.0,-4032.8888222954442,-4152.888822295439,-545.7776445910056,-785.7776445909968,-7519.999999999883,-0.009399999999999853,278736.97062083986,266736.9706208404,-144926.05875832023,-168926.05875831947,702400.0000000003,2016
101,2016-05-02,2016-08-01,1.2527,1.3121,1.2516679415803271,1.2515679415803271,800000.0,400000.0,80.0,23347.176632130926,23227.176632130933,-825.6467357382392,-1065.6467357382303,47520.000000000095,0.05940000000000012,302084.1472529708,289964.1472529713,-145751.70549405846,-169991.7054940577,749920.0000000005,2016
102,2016-06-01,2016-09-01,1.3075,1.31,1.3067491823334083,1.3066491823334083,800000.0,400000.0,80.0,699.67293336326,579.6729333632644,-600.6541332734372,-840.6541332734284,1999.9999999999573,0.0024999999999999467,302783.820186334,290543.82018633455,-146352.3596273319,-170832.35962733114,751920.0000000005,2016
103,2016-07-01,2016-10-03,1.2915,1.3117,1.2908227920797024,1.2907227920797024,800000.0,400000.0,80.0,7809.116831880924,7689.116831880929,-541.7663362381475,-781.7663362381387,16159.999999999996,0.020199999999999996,310592.93701821496,298232.9370182155,-146894.12596357006,-171614.12596356927,768080.0000000005,2016
104,2016-08-01,2016-11-01,1.3121,1.3388,1.3113137817391955,1.3112137817391956,800000.0,400000.0,80.0,10365.51269567818,10245.512695678184,-628.9746086435955,-868.9746086435866,21359.999999999956,0.026699999999999946,320958.4497138931,308478.44971389364,-147523.10057221365,-172483.10057221286,789440.0000000005,2016
105,2016-09-01,2016-12-01,1.31,1.3313,1.3094112506554143,1.3093112506554143,800000.0,400000.0,80.0,8284.50026216565,8164.500262165655,-470.9994756685987,-710.9994756685899,17039.999999999898,0.021299999999999875,329242.9499760588,316642.9499760593,-147994.10004788224,-173194.10004788145,806480.0000000003,2016
106,2016-10-03,2017-01-02,1.3117,1.3437,1.3110777358867445,1.3109777358867445,800000.0,400000.0,80.0,12551.094354697678,12431.094354697681,-497.8112906044885,-737.8112906044796,25599.999999999844,0.031999999999999806,341794.0443307565,329074.044330757,-148491.91133848674,-173931.91133848592,832080.0000000002,2016
107,2016-11-01,2017-02-01,1.3388,1.3048,1.3383319933081974,1.3382319933081974,800000.0,400000.0,80.0,-13787.202676721045,-13907.202676721041,-374.4053534420644,-614.4053534420556,-27200.000000000025,-0.03400000000000003,328006.84165403544,315166.84165403596,-148866.3166919288,-174546.316691928,804880.0000000002,2016
108,2016-12-01,2017-03-01,1.3313,1.3325,1.3312002796434548,1.3311002796434548,800000.0,400000.0,80.0,440.1118573819751,320.11185738197946,-79.77628523612168,-319.77628523611287,960.0000000000719,0.0012000000000000899,328446.95351141744,315486.95351141796,-148946.09297716492,-174866.0929771641,805840.0000000003,2016
109,2017-01-02,2017-04-03,1.3437,1.3378,1.3438006567119454,1.3437006567119454,800000.0,400000.0,80.0,-2319.737315221726,-2439.7373152217215,80.52536955638345,-159.47463044360774,-4719.999999999835,-0.005899999999999794,326127.2161961957,313047.2161961962,-148865.56760760854,-175025.56760760772,801120.0000000005,2017
110,2017-02-01,2017-05-01,1.3048,1.368,1.3049303268659325,1.3048303268659325,800000.0,400000.0,80.0,25332.13074637306,25212.130746373066,104.26149274600505,-135.73850725398614,50560.00000000012,0.06320000000000014,351459.3469425687,338259.3469425693,-148761.30611486253,-175161.3061148617,851680.0000000006,2017
111,2017-03-01,2017-06-01,1.3325,1.3513,1.3329990885936878,1.3328990885936878,800000.0,400000.0,80.0,7719.63543747507,7599.635437475074,399.2708749501972,159.270874950206,15039.999999999942,0.018799999999999928,359178.9823800438,345858.98238004436,-148362.03523991234,-175002.0352399115,866720.0000000005,2017
112,2017-04-03,2017-07-03,1.3378,1.3005,1.3386349977530336,1.3385349977530336,800000.0,400000.0,80.0,-14586.000898786633,-14706.000898786628,667.9982024268227,427.99820242683154,-29840.000000000087,-0.03730000000000011,344592.9814812571,331152.9814812577,-147694.0370374855,-174574.03703748467,836880.0000000003,2017
113,2017-05-01,2017-08-01,1.368,1.2534,1.369058823529412,1.3689588235294121,800000.0,400000.0,80.0,-45416.470588235214,-45536.47058823521,847.0588235296007,607.0588235296094,-91680.00000000003,-0.11460000000000004,299176.51089302194,285616.5108930225,-146846.9782139559,-173966.97821395507,745200.0000000003,2017
114,2017-06-01,2017-09-01,1.3513,1.2394,1.3528519774293415,1.3527519774293415,800000.0,400000.0,80.0,-44139.209028263336,-44259.209028263336,1241.5819434732357,1001.5819434732443,-89519.99999999991,-0.11189999999999989,255037.3018647586,241357.30186475918,-145605.39627048268,-172965.3962704818,655680.0000000005,2017
115,2017-07-03,2017-10-02,1.3005,1.2507,1.301830849868963,1.301730849868963,800000.0,400000.0,80.0,-19387.660052414813,-19507.660052414805,1064.6798951704284,824.6798951704372,-39840.00000000005,-0.049800000000000066,235649.6418123438,221849.64181234437,-144540.71637531224,-172140.71637531137,615840.0000000005,2017
116,2017-08-01,2017-11-01,1.2534,1.2865,1.2544947271230005,1.2543947271230005,800000.0,400000.0,80.0,13677.890849200126,13557.89084920013,875.7816984003241,635.781698400333,26479.999999999927,0.03309999999999991,249327.53266154393,235407.5326615445,-143664.93467691191,-171504.93467691104,642320.0000000003,2017
117,2017-09-01,2017-12-01,1.2394,1.2681,1.2403588330712985,1.2402588330712985,800000.0,400000.0,80.0,11863.533228519342,11743.533228519345,767.0664570387231,527.0664570387319,22959.99999999996,0.028699999999999948,261191.06589006327,247151.06589006385,-142897.8682198732,-170977.8682198723,665280.0000000003,2017
118,2017-10-02,2018-01-01,1.2507,1.2542,1.2507623806079953,1.2506623806079953,800000.0,400000.0,80.0,1424.9522431981632,1304.9522431981675,49.904486396279424,-190.09551360371177,2800.000000000047,0.0035000000000000586,262616.0181332614,248456.01813326203,-142847.9637334769,-171167.963733476,668080.0000000003,2017
119,2017-11-01,2018-02-01,1.2865,1.2266,1.287366416402684,1.287266416402684,800000.0,400000.0,80.0,-23613.433438926455,-23733.43343892645,693.1331221471382,453.133122147147,-47920.00000000005,-0.059900000000000064,239002.58469433495,224722.5846943356,-142154.83061132976,-170714.83061132886,620160.0000000003,2017
120,2017-12-01,2018-03-01,1.2681,1.2836,1.2693336833965276,1.2692336833965276,800000.0,400000.0,80.0,6693.473358611079,6573.473358611083,986.9467172221036,746.9467172221124,12400.000000000055,0.01550000000000007,245696.05805294603,231296.05805294667,-141167.88389410765,-169967.88389410675,632560.0000000003,2017
121,2018-01-01,2018-04-02,1.2542,1.291,1.2552632788929057,1.2551632788929057,800000.0,400000.0,80.0,15145.311557162257,15025.31155716226,850.6231143245557,610.6231143245645,29439.999999999956,0.036799999999999944,260841.3696101083,246321.36961010893,-140317.2607797831,-169357.2607797822,662000.0000000003,2018
122,2018-02-01,2018-05-01,1.2266,1.2846,1.2274560518444666,1.2273560518444666,800000.0,400000.0,80.0,23542.420737786695,23422.420737786702,684.8414755733501,444.8414755733588,46400.000000000044,0.05800000000000005,284383.790347895,269743.79034789564,-139632.41930420976,-168912.41930420883,708400.0000000003,2018
123,2018-03-01,2018-06-01,1.2836,1.2947,1.2851679413671038,1.2850679413671038,800000.0,400000.0,80.0,5067.176546841434,4947.176546841439,1254.3530936829584,1014.353093682967,8879.99999999991,0.011099999999999888,289450.96689473646,274690.9668947371,-138378.0662105268,-167898.06621052587,717280.0000000002,2018
124,2018-04-02,2018-07-02,1.291,1.3184,1.29318873569523,1.29308873569523,800000.0,400000.0,80.0,11835.494278092096,11715.494278092101,1750.9885561841188,1510.9885561841274,21920.000000000073,0.02740000000000009,301286.46117282857,286406.4611728292,-136627.0776543427,-166387.07765434173,739200.0000000003,2018
125,2018-05-01,2018-08-01,1.2846,1.3003,1.286681231306082,1.286581231306082,800000.0,400000.0,80.0,7112.492522432845,6992.49252243285,1664.9850448656523,1424.9850448656612,12560.000000000038,0.015700000000000047,308398.9536952614,293398.9536952621,-134962.09260947703,-164962.09260947607,751760.0000000003,2018
126,2018-06-01,2018-09-03,1.2947,1.309,1.2967325973734702,1.2966325973734703,800000.0,400000.0,80.0,6533.038949388104,6413.038949388108,1626.0778987762237,1386.0778987762324,11439.999999999984,0.01429999999999998,314931.99264464946,299811.99264465016,-133336.0147107008,-163576.01471069982,763200.0000000003,2018
127,2018-07-02,2018-10-01,1.3184,1.281,1.320798584423676,1.320698584423676,800000.0,400000.0,80.0,-14000.566230529632,-14120.566230529628,1918.867538940816,1678.867538940825,-29920.00000000008,-0.0374000000000001,300931.42641411984,285691.42641412053,-131417.14717176,-161897.147171759,733280.0000000002,2018
128,2018-08-01,2018-11-01,1.3003,1.3086,1.3021786249844314,1.3020786249844314,800000.0,400000.0,80.0,4071.449993772536,3951.44999377254,1502.8999875450922,1262.8999875451009,6639.999999999979,0.008299999999999974,305002.8764078924,289642.8764078931,-129914.24718421491,-160634.2471842139,739920.0000000002,2018
129,2018-09-03,2018-12-03,1.309,1.3195,1.3108581710414902,1.3107581710414902,800000.0,400000.0,80.0,4943.26841659607,4823.2684165960745,1486.536833192176,1246.5368331921845,8399.999999999964,0.010499999999999954,309946.14482448844,294466.14482448914,-128427.71035102273,-159387.7103510217,748320.0000000002,2018
130,2018-10-01,2019-01-01,1.281,1.3637,1.2832971283405146,1.2831971283405146,800000.0,400000.0,80.0,33998.85133620586,33878.851336205866,1837.702672411723,1597.7026724117318,66160.0,0.0827,343944.9961606943,328344.996160695,-126590.00767861101,-157790.00767860995,814480.0000000002,2018
131,2018-11-01,2019-02-01,1.3086,1.3098,1.310521872899709,1.310421872899709,800000.0,400000.0,80.0,1248.749159883644,1128.7491598836486,1537.4983197672166,1297.4983197672254,960.0000000000719,0.0012000000000000899,345193.74532057793,329473.74532057863,-125052.5093588438,-156492.50935884274,815440.0000000003,2018
132,2018-12-03,2019-03-01,1.3195,1.3295,1.321667853231106,1.321567853231106,800000.0,400000.0,80.0,4867.141292442412,4747.141292442417,1734.2825848848165,1494.2825848848252,8000.000000000007,0.010000000000000009,350060.8866130203,334220.886613021,-123318.22677395899,-154998.22677395793,823440.0000000003,2018
133,2019-01-01,2019-04-01,1.3637,1.3306,1.36634815893644,1.36624815893644,800000.0,400000.0,80.0,-12180.736425423966,-12300.736425423962,2118.5271491519943,1878.527149152003,-26479.999999999927,-0.03309999999999991,337880.15018759633,321920.1501875971,-121199.69962480699,-153119.69962480591,796960.0000000005,2019
134,2019-02-01,2019-05-01,1.3098,1.3441,1.312213115570383,1.312113115570383,800000.0,400000.0,80.0,14685.246228153126,14565.24622815313,1930.492456306254,1690.492456306263,27439.999999999996,0.0343,352565.39641574945,336485.3964157502,-119269.20716850074,-151429.20716849965,824400.0000000005,2019
135,2019-03-01,2019-06-03,1.3295,1.3433,1.3320486468991957,1.3319486468991957,800000.0,400000.0,80.0,6539.4587596783185,6419.458759678322,2038.9175193566089,1798.9175193566177,11040.000000000027,0.013800000000000034,359104.85517542774,342904.8551754285,-117230.28964914414,-149630.28964914303,835440.0000000005,2019
136,2019-04-01,2019-07-01,1.3306,1.3134,1.333150819100732,1.333050819100732,800000.0,400000.0,80.0,-5859.672359707258,-5979.672359707253,2040.655280585568,1800.655280585577,-13760.000000000084,-0.017200000000000104,353245.1828157205,336925.18281572126,-115189.63436855856,-147829.63436855745,821680.0000000003,2019
137,2019-05-01,2019-08-01,1.3441,1.3211,1.346609646982673,1.346509646982673,800000.0,400000.0,80.0,-8196.141206930908,-8316.141206930903,2007.7175861382912,1767.7175861383,-18400.000000000106,-0.02300000000000013,345049.0416087896,328609.04160879034,-113181.91678242027,-146061.91678241917,803280.0000000002,2019
138,2019-06-03,2019-09-02,1.3433,1.3325,1.345507119918345,1.345407119918345,800000.0,400000.0,80.0,-3437.1520326619275,-3557.152032661923,1765.6959346760814,1525.6959346760902,-8639.999999999936,-0.01079999999999992,341611.88957612764,325051.8895761284,-111416.22084774419,-144536.22084774307,794640.0000000003,2019
139,2019-07-01,2019-10-01,1.3134,1.3218,1.315198461385251,1.315098461385251,800000.0,400000.0,80.0,4079.384554100507,3959.384554100511,1438.7691082008657,1198.7691082008746,6720.000000000148,0.008400000000000185,345691.27413022815,329011.2741302289,-109977.45173954332,-143337.4517395422,801360.0000000005,2019
140,2019-08-01,2019-11-01,1.3211,1.3134,1.3224814564919705,1.3223814564919705,800000.0,400000.0,80.0,-2527.4174032118067,-2647.4174032118026,1105.1651935764185,865.1651935764271,-6160.000000000032,-0.00770000000000004,343163.85672701633,326363.8567270171,-108872.2865459669,-142472.28654596576,795200.0000000005,2019
141,2019-09-02,2019-12-02,1.3325,1.3308,1.3337275907574322,1.3336275907574322,800000.0,400000.0,80.0,-188.96369702714458,-308.9636970271402,982.0726059457386,742.0726059457473,-1360.0000000000277,-0.0017000000000000348,342974.8930299892,326054.89302998997,-107890.21394002116,-141730.21394002,793840.0000000005,2019
142,2019-10-01,2020-01-01,1.3218,1.2986,1.322392381236929,1.322292381236929,800000.0,400000.0,80.0,-9043.047505228507,-9163.047505228504,473.9049895430725,233.90498954308129,-18560.000000000087,-0.02320000000000011,333931.8455247607,316891.8455247615,-107416.3089504781,-141496.30895047693,775280.0000000003,2019
143,2019-11-01,2020-02-03,1.3134,1.3284,1.3129422098292085,1.3128422098292085,800000.0,400000.0,80.0,5816.883931683492,5696.8839316834965,-366.2321366331156,-606.2321366331068,12000.0000000001,0.015000000000000124,339748.7294564442,322588.72945644497,-107782.54108711121,-142102.54108711003,787280.0000000005,2019
144,2019-12-02,2020-03-02,1.3308,1.3322,1.330601204999253,1.330501204999253,800000.0,400000.0,80.0,480.4819997012544,360.4819997012588,-159.03600059754552,-399.0360005975367,1120.0000000000543,0.0014000000000000679,340229.21145614545,322949.2114561462,-107941.57708770876,-142501.57708770756,788400.0000000005,2019
145,2020-01-01,2020-04-01,1.2986,1.4188,1.2982443609022556,1.2981443609022556,800000.0,400000.0,80.0,47937.74436090228,47817.74436090229,-284.5112781955095,-524.5112781955006,96160.00000000007,0.12020000000000008,388166.95581704774,370766.9558170485,-108226.08836590427,-143026.08836590307,884560.0000000006,2020
146,2020-02-03,2020-05-01,1.3284,1.4084,1.328168479235136,1.328068479235136,800000.0,400000.0,80.0,31907.391694054433,31787.391694054437,-185.21661189119243,-425.2166118911836,64000.00000000006,0.08000000000000007,420074.34751110215,402554.3475111029,-108411.30497779547,-143451.30497779424,948560.0000000007,2020
147,2020-03-02,2020-06-01,1.3322,1.3571,1.3306077687308584,1.3305077687308584,800000.0,400000.0,80.0,9323.107492343308,9203.107492343312,-1273.7850153133222,-1513.7850153133136,19919.999999999938,0.024899999999999922,429397.45500344544,411757.4550034462,-109685.08999310879,-144965.08999310754,968480.0000000006,2020
148,2020-04-01,2020-07-01,1.4188,1.3585,1.4184100249875062,1.4183100249875062,800000.0,400000.0,80.0,-24275.990004997537,-24395.990004997533,-311.9800099950609,-551.9800099950521,-48240.000000000015,-0.06030000000000002,405121.4649984479,387361.4649984487,-109997.07000310386,-145517.0700031026,920240.0000000006,2020
149,2020-05-01,2020-08-03,1.4084,1.3389,1.407907380202868,1.407807380202868,800000.0,400000.0,80.0,-27997.047918852848,-28117.04791885284,-394.0958377055992,-634.0958377055904,-55600.000000000095,-0.06950000000000012,377124.4170795951,359244.41707959585,-110391.16584080945,-146151.1658408082,864640.0000000005,2020
150,2020-06-01,2020-09-01,1.3571,1.3062,1.3568287291989405,1.3567287291989405,800000.0,400000.0,80.0,-20468.508320423774,-20588.508320423767,-217.01664084758931,-457.0166408475805,-40719.999999999956,-0.050899999999999945,356655.9087591713,338655.9087591721,-110608.18248165704,-146608.18248165576,823920.0000000005,2020
151,2020-07-01,2020-10-01,1.3585,1.3287,1.3582963268365815,1.3581963268365815,800000.0,400000.0,80.0,-12001.469265367426,-12121.469265367423,-162.938530734813,-402.9385307348042,-23840.00000000004,-0.02980000000000005,344654.4394938039,326534.43949380465,-110771.12101239186,-147011.12101239056,800080.0000000005,2020
152,2020-08-03,2020-11-02,1.3389,1.3215,1.3386992453018791,1.3385992453018791,800000.0,400000.0,80.0,-7040.301879248378,-7160.301879248374,-160.60375849669128,-400.6037584966825,-13920.000000000065,-0.017400000000000082,337614.13761455554,319374.1376145563,-110931.72477088856,-147411.72477088723,786160.0000000003,2020
153,2020-09-01,2020-12-01,1.3062,1.2932,1.306134712850502,1.306034712850502,800000.0,400000.0,80.0,-5226.114859799225,-5346.1148597992205,-52.22971959835121,-292.2297195983424,-10400.000000000098,-0.013000000000000123,332388.0227547563,314028.0227547571,-110983.95449048691,-147703.95449048557,775760.0000000002,2020
154,2020-10-01,2021-01-01,1.3287,1.2727,1.3286003773867838,1.3285003773867838,800000.0,400000.0,80.0,-22439.849045286486,-22559.84904528648,-79.69809057293276,-319.69809057292395,-44800.00000000004,-0.05600000000000005,309948.17370946985,291468.1737094706,-111063.65258105984,-148023.6525810585,730960.0000000002,2020
155,2020-11-02,2021-02-01,1.3215,1.2849,1.3215,1.3214,800000.0,400000.0,80.0,-14639.999999999985,-14759.999999999982,0.0,-239.9999999999912,-29279.99999999997,-0.036599999999999966,295308.17370946985,276708.1737094706,-111063.65258105984,-148263.6525810585,701680.0000000002,2020
156,2020-12-01,2021-03-01,1.2932,1.2645,1.2931030390882734,1.2930030390882734,800000.0,400000.0,80.0,-11518.784364690582,-11638.784364690579,-77.56872938120551,-317.5687293811967,-22959.99999999996,-0.028699999999999948,283789.38934477925,265069.38934478,-111141.22131044105,-148581.2213104397,678720.0000000002,2020
157,2021-01-01,2021-04-01,1.2727,1.2545,1.272763623865823,1.272663623865823,800000.0,400000.0,80.0,-7254.550453670738,-7374.550453670734,50.89909265851844,-189.10090734147275,-14559.999999999995,-0.018199999999999994,276534.8388911085,257694.83889110928,-111090.32221778252,-148770.32221778115,664160.0000000002,2021
158,2021-02-01,2021-05-03,1.2849,1.2276,1.2849321176823476,1.2848321176823476,800000.0,400000.0,80.0,-22907.15292706089,-23027.152927060888,25.694145878141228,-214.30585412184996,-45839.99999999993,-0.05729999999999991,253627.68596404762,234667.68596404837,-111064.62807190439,-148984.62807190302,618320.0000000003,2021
159,2021-03-01,2021-06-01,1.2645,1.207,1.2643103771462847,1.2642103771462847,800000.0,400000.0,80.0,-23075.84914148606,-23195.849141486055,-151.69828297221244,-391.69828297220363,-45999.999999999905,-0.057499999999999885,230551.83682256157,211471.83682256233,-111216.3263548766,-149376.32635487523,572320.0000000005,2021
160,2021-04-01,2021-07-01,1.2545,1.2436,1.254280511884826,1.254180511884826,800000.0,400000.0,80.0,-4447.795246069574,-4567.79524606957,-175.5904921392215,-415.5904921392127,-8719.999999999927,-0.01089999999999991,226104.041576492,206904.04157649275,-111391.91684701582,-149791.91684701445,563600.0000000006,2021
161,2021-05-03,2021-08-02,1.2276,1.2509,1.2274159060234942,1.2273159060234942,800000.0,400000.0,80.0,9246.362409397601,9126.362409397607,-147.27518120469796,-387.27518120468915,18639.9999999999,0.023299999999999876,235350.4039858896,216030.40398589036,-111539.19202822051,-150179.19202821914,582240.0000000005,2021
162,2021-06-01,2021-09-01,1.207,1.2616,1.2067586603349163,1.2066586603349163,800000.0,400000.0,80.0,21743.464133966485,21623.46413396649,-193.07173206701833,-433.0717320670095,43679.999999999985,0.05459999999999998,257093.86811985608,237653.86811985684,-111732.26376028753,-150612.26376028615,625920.0000000005,2021
163,2021-07-01,2021-10-01,1.2436,1.2647,1.243289216543796,1.243189216543796,800000.0,400000.0,80.0,8315.68661751838,8195.686617518384,-248.62676496315572,-488.6267649631469,16879.999999999916,0.021099999999999897,265409.5547373745,245849.55473737523,-111980.8905252507,-151100.8905252493,642800.0000000003,2021
164,2021-08-02,2021-11-01,1.2509,1.2367,1.2505248894219956,1.2504248894219956,800000.0,400000.0,80.0,-5830.044231201726,-5950.044231201721,-300.0884624034583,-540.0884624034495,-11359.999999999993,-0.01419999999999999,259579.51050617275,239899.5105061735,-112280.97898765415,-151640.97898765275,631440.0000000003,2021
165,2021-09-01,2021-12-01,1.2616,1.2817,1.2613792862141358,1.2612792862141358,800000.0,400000.0,80.0,7951.714485654282,7831.714485654286,-176.57102869144126,-416.57102869143245,16080.000000000005,0.020100000000000007,267531.22499182704,247731.2249918278,-112457.55001634559,-152057.55001634418,647520.0000000003,2021
166,2021-10-01,2022-01-03,1.2647,1.2741,1.2644471358592422,1.2643471358592422,800000.0,400000.0,80.0,3658.8543436969267,3538.854343696931,-202.29131260620647,-442.29131260619766,7520.00000000006,0.009400000000000075,271190.07933552394,251270.07933552473,-112659.84132895179,-152499.84132895037,655040.0000000005,2021
167,2021-11-01,2022-02-01,1.2367,1.2686,1.2364527403593832,1.2363527403593833,800000.0,400000.0,80.0,12661.096143753348,12541.096143753353,-197.8077124933364,-437.8077124933276,25520.000000000033,0.03190000000000004,283851.17547927727,263811.1754792781,-112857.64904144513,-152937.64904144368,680560.0000000005,2021
168,2021-12-01,2022-03-01,1.2817,1.274,1.2817640785921411,1.2816640785921412,800000.0,400000.0,80.0,-3054.3685631435833,-3174.368563143579,51.26287371286509,-188.7371262871261,-6160.000000000032,-0.00770000000000004,280796.8069161337,260636.80691613452,-112806.38616773226,-153126.38616773082,674400.0000000005,2021
169,2022-01-03,2022-04-01,1.2741,1.2518,1.273845281887245,1.273745281887245,800000.0,400000.0,80.0,-9021.887245102,-9141.887245101996,-203.77449020401173,-443.7744902040029,-17839.99999999999,-0.022299999999999986,271774.91967103165,251494.91967103252,-113010.16065793627,-153570.16065793482,656560.0000000005,2022
170,2022-02-01,2022-05-02,1.2686,1.2878,1.2681880345723422,1.2680880345723422,800000.0,400000.0,80.0,7515.21382893694,7395.213828936944,-329.57234212620534,-569.5723421261965,15360.000000000085,0.019200000000000106,279290.13349996856,258890.13349996947,-113339.73300006248,-154139.733000061,671920.0000000006,2022
171,2022-03-01,2022-06-01,1.274,1.2656,1.2738408971701176,1.2737408971701176,800000.0,400000.0,80.0,-3423.6411319529484,-3543.641131952944,-127.28226390592567,-367.28226390591686,-6719.999999999971,-0.008399999999999963,275866.49236801564,255346.4923680165,-113467.01526396841,-154507.01526396692,665200.0000000006,2022
172,2022-04-01,2022-07-01,1.2518,1.2883,1.251643751560238,1.2515437515602381,800000.0,400000.0,80.0,14537.500624095223,14417.500624095228,-124.99875180953524,-364.9987518095264,29199.99999999998,0.03649999999999998,290403.99299211084,269763.9929921117,-113592.01401577794,-154872.01401577645,694400.0000000006,2022
173,2022-05-02,2022-08-01,1.2878,1.2845,1.2864522575500847,1.2863522575500848,800000.0,400000.0,80.0,-1859.0969799661573,-1979.096979966153,-1078.19395993225,-1318.1939599322411,-2640.0000000000646,-0.0033000000000000806,288544.8960121447,267784.89601214556,-114670.20797571019,-156190.2079757087,691760.0000000005,2022
174,2022-06-01,2022-09-01,1.2656,1.3152,1.2644967372353677,1.2643967372353677,800000.0,400000.0,80.0,19398.694894147004,19278.69489414701,-882.6102117058809,-1122.6102117058722,39679.99999999989,0.049599999999999866,307943.5909062917,287063.59090629255,-115552.81818741607,-157312.81818741458,731440.0000000003,2022
175,2022-07-01,2022-10-03,1.2883,1.3622,1.2871465567410278,1.2870465567410279,800000.0,400000.0,80.0,29098.622696411167,28978.622696411174,-922.7546071777226,-1162.7546071777138,59120.00000000006,0.07390000000000008,337042.21360270283,316042.2136027037,-116475.57279459378,-158475.5727945923,790560.0000000005,2022
176,2022-08-01,2022-11-01,1.2845,1.3629,1.2842128896063576,1.2841128896063576,800000.0,400000.0,80.0,31245.15584254306,31125.155842543067,-229.68831491390063,-469.6883149138918,62720.00000000002,0.07840000000000003,368287.3694452459,347167.36944524676,-116705.26110950769,-158945.2611095062,853280.0000000005,2022
177,2022-09-01,2022-12-01,1.3152,1.3432,1.3143845642577254,1.3142845642577254,800000.0,400000.0,80.0,10873.825703090211,10753.825703090215,-652.3485938195961,-892.3485938195872,22400.00000000002,0.028000000000000025,379161.1951483361,357921.195148337,-117357.60970332728,-159837.60970332578,875680.0000000005,2022
178,2022-10-03,2023-01-02,1.3622,1.3572,1.361896201214224,1.361796201214224,800000.0,400000.0,80.0,-2121.5195143104993,-2241.5195143104947,-243.0390286209061,-483.0390286208973,-4000.0000000000923,-0.0050000000000001155,377039.6756340256,355679.67563402647,-117600.64873194818,-160320.64873194668,871680.0000000003,2022
179,2022-11-01,2023-02-01,1.3629,1.3287,1.3641486331897192,1.3640486331897193,800000.0,400000.0,80.0,-13180.546724112308,-13300.546724112304,998.9065517753914,758.9065517754002,-27360.000000000007,-0.03420000000000001,363859.1289099133,342379.1289099142,-116601.74218017279,-159561.74218017128,844320.0000000003,2022
180,2022-12-01,2023-03-01,1.3432,1.3594,1.3440975498688312,1.3439975498688312,800000.0,400000.0,80.0,6839.01994753251,6719.019947532514,718.0398950650258,478.03989506503456,12959.999999999995,0.016199999999999992,370698.1488574458,349098.1488574467,-115883.70228510776,-159083.70228510624,857280.0000000003,2022
181,2023-01-02,2023-04-03,1.3572,1.3435,1.3577707458256028,1.3576707458256028,800000.0,400000.0,80.0,-5251.7016697589015,-5371.701669758897,456.5966604822336,216.59666048224238,-10960.000000000036,-0.013700000000000045,365446.4471876869,343726.4471876878,-115427.10562462553,-158867.105624624,846320.0000000003,2023
182,2023-02-01,2023-05-01,1.3287,1.3542,1.3296857799980215,1.3295857799980215,800000.0,400000.0,80.0,10594.311999208638,10474.311999208643,788.623998417215,548.6239984172238,20400.000000000062,0.025500000000000078,376040.75918689556,354200.75918689644,-114638.48162620832,-158318.48162620678,866720.0000000005,2023
183,2023-03-01,2023-06-01,1.3594,1.345,1.3608115605221518,1.3607115605221518,800000.0,400000.0,80.0,-5195.375791139245,-5315.37579113924,1129.2484177214847,889.2484177214933,-11519.999999999975,-0.014399999999999968,370845.3833957563,348885.3833957572,-113509.23320848684,-157429.2332084853,855200.0000000005,2023
184,2023-04-03,2023-07-03,1.3435,1.3247,1.3454938164729162,1.3453938164729162,800000.0,400000.0,80.0,-6722.473410833451,-6842.473410833447,1595.053178333039,1355.053178333048,-15039.999999999942,-0.018799999999999928,364122.90998492285,342042.9099849237,-111914.1800301538,-156074.18003015226,840160.0000000005,2023
185,2023-05-01,2023-08-01,1.3542,1.3279,1.3571804589742322,1.3570804589742322,800000.0,400000.0,80.0,-9327.816410307132,-9447.816410307129,2384.367179385727,2144.3671793857357,-21039.999999999993,-0.02629999999999999,354795.0935746157,332595.0935746166,-109529.81285076808,-153929.81285076652,819120.0000000005,2023
186,2023-06-01,2023-09-01,1.345,1.3594,1.3480251612743763,1.3479251612743763,800000.0,400000.0,80.0,6970.0645097505285,6850.064509750533,2420.129019501083,2180.1290195010915,11519.999999999975,0.014399999999999968,361765.15808436624,339445.1580843671,-107109.683831267,-151749.68383126543,830640.0000000005,2023
187,2023-07-03,2023-10-02,1.3247,1.3676,1.326499464051965,1.326399464051965,800000.0,400000.0,80.0,17879.78562078596,17759.785620785962,1439.5712415719686,1199.5712415719775,34319.99999999995,0.04289999999999994,379644.9437051522,357204.94370515307,-105670.11258969503,-150550.11258969345,864960.0000000005,2023
188,2023-08-01,2023-11-01,1.3279,1.3856,1.3296705333333334,1.3295705333333334,800000.0,400000.0,80.0,23788.213333333275,23668.21333333328,1416.4266666666592,1176.426666666668,46159.99999999989,0.05769999999999986,403433.15703848546,380873.15703848633,-104253.68592302836,-149373.6859230268,911120.0000000003,2023
189,2023-09-01,2023-12-01,1.3594,1.3497,1.3609101461439717,1.3608101461439717,800000.0,400000.0,80.0,-3275.9415424113313,-3395.941542411327,1208.1169151773706,968.1169151773795,-7760.000000000034,-0.009700000000000042,400157.2154960741,377477.215496075,-103045.569007851,-148405.5690078494,903360.0000000003,2023
190,2023-10-02,2024-01-01,1.3676,1.3236,1.369456913619868,1.369356913619868,800000.0,400000.0,80.0,-16857.2345520527,-16977.234552052698,1485.530895894449,1245.530895894458,-35199.999999999854,-0.04399999999999982,383299.98094402143,360499.9809440223,-101560.03811195654,-147160.03811195496,868160.0000000005,2023
191,2023-11-01,2024-02-01,1.3856,1.3384,1.38744732982742,1.38734732982742,800000.0,400000.0,80.0,-18141.068069031975,-18261.068069031968,1477.8638619359797,1237.8638619359886,-37759.99999999993,-0.04719999999999991,365158.91287498944,342238.9128749903,-100082.17425002056,-145922.17425001896,830400.0000000006,2023
192,2023-12-01,2024-03-01,1.3497,1.3557,1.3511330148148146,1.3510330148148146,800000.0,400000.0,80.0,2973.2059259258926,2853.205925925897,1146.4118518517807,906.4118518517896,4800.000000000005,0.006000000000000005,368132.1188009153,345092.11880091624,-98935.76239816878,-145015.76239816716,835200.0000000006,2023
193,2024-01-01,2024-04-01,1.3236,1.3569,1.3252672083775845,1.3251672083775845,800000.0,400000.0,80.0,13986.883351033708,13866.883351033712,1333.7667020675071,1093.7667020675158,26639.99999999991,0.033299999999999885,382119.00215194904,358959.00215195,-97601.99569610128,-143921.99569609965,861840.0000000005,2024
194,2024-02-01,2024-05-01,1.3384,1.3738,1.339986486886946,1.339886486886946,800000.0,400000.0,80.0,14794.594754778334,14674.59475477834,1269.1895095567675,1029.189509556776,28319.9999999999,0.035399999999999876,396913.59690672735,373633.5969067283,-96332.8061865445,-142892.80618654288,890160.0000000003,2024
195,2024-03-01,2024-06-03,1.3557,1.3627,1.3573405131751166,1.3572405131751166,800000.0,400000.0,80.0,3456.20527004673,3336.2052700467348,1312.4105400933672,1072.410540093376,5600.000000000094,0.007000000000000117,400369.8021767741,376969.802176775,-95020.39564645114,-141820.3956464495,895760.0000000005,2024
196,2024-04-01,2024-07-01,1.3569,1.3735,1.3584077038939233,1.3583077038939233,800000.0,400000.0,80.0,7243.081557569298,7123.081557569301,1206.1631151386364,966.1631151386453,13279.999999999958,0.016599999999999948,407612.88373434334,384092.88373434433,-93814.2325313125,-140854.23253131084,909040.0000000005,2024
197,2024-05-01,2024-08-01,1.3738,1.3873,1.375598123132393,1.375498123132393,800000.0,400000.0,80.0,6119.249252957282,5999.249252957286,1438.4985059145095,1198.4985059145183,10800.000000000055,0.013500000000000068,413732.13298730063,390092.1329873016,-92375.734025398,-139655.73402539632,919840.0000000005,2024
198,2024-06-03,2024-09-02,1.3627,1.3491,1.3650900521232183,1.3649900521232183,800000.0,400000.0,80.0,-4483.979150712703,-4603.979150712698,1912.0416985746401,1672.041698574649,-10880.000000000045,-0.013600000000000056,409248.1538365879,385488.1538365889,-90463.69232682335,-137983.69232682168,908960.0000000005,2024
199,2024-07-01,2024-10-01,1.3735,1.349,1.3763173314551207,1.3762173314551207,800000.0,400000.0,80.0,-8673.067417951686,-8793.067417951683,2253.8651640966023,2013.865164096611,-19599.999999999975,-0.024499999999999966,400575.0864186362,376695.0864186372,-88209.82716272675,-135969.82716272507,889360.0000000005,2024
200,2024-08-01,2024-11-01,1.3873,1.395,1.3906619871905834,1.3905619871905834,800000.0,400000.0,80.0,4424.794876233395,4304.7948762334,2689.589752466759,2449.5897524667675,6160.000000000032,0.00770000000000004,404999.8812948696,380999.8812948706,-85520.23741026,-133520.2374102583,895520.0000000005,2024
201,2024-09-02,2024-12-02,1.3491,1.4044,1.3525045424181696,1.3524045424181697,800000.0,400000.0,80.0,23481.81696726792,23361.816967267925,2723.633934535741,2483.6339345357496,44240.0000000001,0.05530000000000013,428481.6982621375,404361.6982621385,-82796.60347572426,-131036.60347572254,939760.0000000006,2024
202,2024-10-01,,1.349,,1.3513038710954908,1.3512038710954908,,,,,,,,,,,,,,,2024
203,2024-11-01,,1.395,,1.3988028797303662,1.3987028797303662,,,,,,,,,,,,,,,2024
204,2024-12-02,,1.4044,,1.4081945466263448,1.4080945466263448,,,,,,,,,,,,,,,2024
