Date,CADEUR
2018-01-01,0.6637
2018-01-02,0.6627
2018-01-03,0.6641
2018-01-04,0.6636
2018-01-05,0.6699
2018-01-08,0.6727
2018-01-09,0.6721
2018-01-10,0.6671
2018-01-11,0.6639
2018-01-12,0.6587
2018-01-15,0.6561
2018-01-16,0.6559
2018-01-17,0.6597
2018-01-18,0.658
2018-01-19,0.6552
2018-01-22,0.6553
2018-01-23,0.6549
2018-01-24,0.6526
2018-01-25,0.6515
2018-01-26,0.654
2018-01-29,0.6545
2018-01-30,0.6538
2018-01-31,0.6538
2018-02-01,0.6517
2018-02-02,0.6458
2018-02-05,0.6449
2018-02-06,0.6468
2018-02-07,0.6488
2018-02-08,0.6479
2018-02-09,0.6498
2018-02-12,0.647
2018-02-13,0.643
2018-02-14,0.6431
2018-02-15,0.6409
2018-02-16,0.6419
2018-02-19,0.6417
2018-02-20,0.6408
2018-02-21,0.6409
2018-02-22,0.6383
2018-02-23,0.6441
2018-02-26,0.6402
2018-02-27,0.6398
2018-02-28,0.6391
2018-03-01,0.6349
2018-03-02,0.6303
2018-03-05,0.6253
2018-03-06,0.6261
2018-03-07,0.624
2018-03-08,0.6298
2018-03-09,0.6342
2018-03-12,0.6313
2018-03-13,0.6225
2018-03-14,0.6242
2018-03-15,0.6227
2018-03-16,0.6213
2018-03-19,0.6199
2018-03-20,0.6249
2018-03-21,0.6282
2018-03-22,0.6282
2018-03-23,0.6279
2018-03-26,0.6259
2018-03-27,0.6258
2018-03-28,0.6287
2018-03-29,0.6309
2018-03-30,0.6294
2018-04-02,0.6296
2018-04-03,0.6363
2018-04-04,0.6378
2018-04-05,0.6408
2018-04-06,0.6368
2018-04-09,0.6392
2018-04-10,0.6422
2018-04-11,0.6428
2018-04-12,0.6446
2018-04-13,0.643
2018-04-16,0.6429
2018-04-17,0.6442
2018-04-18,0.64
2018-04-19,0.6391
2018-04-20,0.6378
2018-04-23,0.6375
2018-04-24,0.637
2018-04-25,0.6403
2018-04-26,0.6421
2018-04-27,0.6427
2018-04-30,0.6446
2018-05-01,0.649
2018-05-02,0.6494
2018-05-03,0.6492
2018-05-04,0.6509
2018-05-07,0.6512
2018-05-08,0.6509
2018-05-09,0.6565
2018-05-10,0.6574
2018-05-11,0.6544
2018-05-14,0.6544
2018-05-15,0.6562
2018-05-16,0.6623
2018-05-17,0.6621
2018-05-18,0.6592
2018-05-21,0.6632
2018-05-22,0.6623
2018-05-23,0.6663
2018-05-24,0.6623
2018-05-25,0.6616
2018-05-28,0.6622
2018-05-29,0.6656
2018-05-30,0.6661
2018-05-31,0.6601
2018-06-01,0.6623
2018-06-04,0.6612
2018-06-05,0.658
2018-06-06,0.6562
2018-06-07,0.6533
2018-06-08,0.6574
2018-06-11,0.6539
2018-06-12,0.6542
2018-06-13,0.6531
2018-06-14,0.6597
2018-06-15,0.6524
2018-06-18,0.6518
2018-06-19,0.6495
2018-06-20,0.6492
2018-06-21,0.6473
2018-06-22,0.6464
2018-06-25,0.6427
2018-06-26,0.6451
2018-06-27,0.6489
2018-06-28,0.6525
2018-06-29,0.6517
2018-07-02,0.6515
2018-07-03,0.6529
2018-07-04,0.6527
2018-07-05,0.6513
2018-07-06,0.6507
2018-07-09,0.6492
2018-07-10,0.6494
2018-07-11,0.6486
2018-07-12,0.6513
2018-07-13,0.6502
2018-07-16,0.6502
2018-07-17,0.6502
2018-07-18,0.6524
2018-07-19,0.6472
2018-07-20,0.6489
2018-07-23,0.6492
2018-07-24,0.6505
2018-07-25,0.6535
2018-07-26,0.657
2018-07-27,0.6572
2018-07-30,0.6553
2018-07-31,0.6576
2018-08-01,0.6595
2018-08-02,0.6629
2018-08-03,0.6655
2018-08-06,0.6656
2018-08-07,0.6605
2018-08-08,0.6613
2018-08-09,0.6647
2018-08-10,0.6667
2018-08-13,0.6674
2018-08-14,0.6752
2018-08-15,0.6707
2018-08-16,0.6683
2018-08-17,0.6695
2018-08-20,0.6676
2018-08-21,0.663
2018-08-22,0.6634
2018-08-23,0.6624
2018-08-24,0.6605
2018-08-27,0.6603
2018-08-28,0.6613
2018-08-29,0.6619
2018-08-30,0.6602
2018-08-31,0.661
2018-09-03,0.6572
2018-09-04,0.6546
2018-09-05,0.6524
2018-09-06,0.6549
2018-09-07,0.6579
2018-09-10,0.6552
2018-09-11,0.6593
2018-09-12,0.6618
2018-09-13,0.6581
2018-09-14,0.6597
2018-09-17,0.6562
2018-09-18,0.6606
2018-09-19,0.6633
2018-09-20,0.6581
2018-09-21,0.659
2018-09-24,0.657
2018-09-25,0.6558
2018-09-26,0.6542
2018-09-27,0.6586
2018-09-28,0.6674
2018-10-01,0.674
2018-10-02,0.6753
2018-10-03,0.677
2018-10-04,0.672
2018-10-05,0.6707
2018-10-08,0.6712
2018-10-09,0.6722
2018-10-10,0.6643
2018-10-11,0.662
2018-10-12,0.6641
2018-10-15,0.6647
2018-10-16,0.668
2018-10-17,0.6679
2018-10-18,0.6673
2018-10-19,0.663
2018-10-22,0.6657
2018-10-23,0.6662
2018-10-24,0.6724
2018-10-25,0.6725
2018-10-26,0.6689
2018-10-29,0.6695
2018-10-30,0.6725
2018-10-31,0.6721
2018-11-01,0.6699
2018-11-02,0.6699
2018-11-05,0.6687
2018-11-06,0.6668
2018-11-07,0.6675
2018-11-08,0.669
2018-11-09,0.6677
2018-11-12,0.673
2018-11-13,0.6692
2018-11-14,0.6679
2018-11-15,0.6699
2018-11-16,0.6661
2018-11-19,0.663
2018-11-20,0.661
2018-11-21,0.6638
2018-11-22,0.6647
2018-11-23,0.6661
2018-11-26,0.6662
2018-11-27,0.6663
2018-11-28,0.6629
2018-11-29,0.6608
2018-11-30,0.6645
2018-12-03,0.6674
2018-12-04,0.6645
2018-12-05,0.6601
2018-12-06,0.657
2018-12-07,0.6598
2018-12-10,0.6574
2018-12-11,0.66
2018-12-12,0.6589
2018-12-13,0.6591
2018-12-14,0.6606
2018-12-17,0.6574
2018-12-18,0.6536
2018-12-19,0.6518
2018-12-20,0.6467
2018-12-21,0.6465
2018-12-24,0.6448
2018-12-25,0.6476
2018-12-26,0.649
2018-12-27,0.6424
2018-12-28,0.6408
2018-12-31,0.6393
2019-01-01,0.6396
2019-01-02,0.6493
2019-01-03,0.6506
2019-01-04,0.6563
2019-01-07,0.6553
2019-01-08,0.6584
2019-01-09,0.656
2019-01-10,0.657
2019-01-11,0.6573
2019-01-14,0.6559
2019-01-15,0.6605
2019-01-16,0.6619
2019-01-17,0.661
2019-01-18,0.6637
2019-01-21,0.6619
2019-01-22,0.6593
2019-01-23,0.6586
2019-01-24,0.6625
2019-01-25,0.6632
2019-01-28,0.66
2019-01-29,0.6593
2019-01-30,0.6625
2019-01-31,0.6658
2019-02-01,0.6661
2019-02-04,0.6666
2019-02-05,0.6672
2019-02-06,0.6658
2019-02-07,0.6621
2019-02-08,0.6644
2019-02-11,0.6665
2019-02-12,0.6669
2019-02-13,0.6698
2019-02-14,0.6655
2019-02-15,0.6684
2019-02-18,0.6676
2019-02-19,0.6674
2019-02-20,0.6692
2019-02-21,0.6665
2019-02-22,0.6709
2019-02-25,0.6672
2019-02-26,0.666
2019-02-27,0.6683
2019-02-28,0.6677
2019-03-01,0.661
2019-03-04,0.6626
2019-03-05,0.6624
2019-03-06,0.6577
2019-03-07,0.6637
2019-03-08,0.6629
2019-03-11,0.6635
2019-03-12,0.6632
2019-03-13,0.6632
2019-03-14,0.6632
2019-03-15,0.6621
2019-03-18,0.6615
2019-03-19,0.6611
2019-03-20,0.6583
2019-03-21,0.6579
2019-03-22,0.658
2019-03-25,0.6592
2019-03-26,0.663
2019-03-27,0.663
2019-03-28,0.6625
2019-03-29,0.6678
2019-04-01,0.67
2019-04-02,0.6689
2019-04-03,0.6669
2019-04-04,0.6669
2019-04-05,0.6659
2019-04-08,0.6667
2019-04-09,0.6661
2019-04-10,0.6657
2019-04-11,0.6636
2019-04-12,0.6639
2019-04-15,0.6614
2019-04-16,0.6638
2019-04-17,0.6632
2019-04-18,0.6654
2019-04-19,0.6636
2019-04-22,0.6653
2019-04-23,0.6632
2019-04-24,0.6643
2019-04-25,0.666
2019-04-26,0.6665
2019-04-29,0.6641
2019-04-30,0.666
2019-05-01,0.6642
2019-05-02,0.6636
2019-05-03,0.665
2019-05-06,0.6638
2019-05-07,0.663
2019-05-08,0.6628
2019-05-09,0.6612
2019-05-10,0.6635
2019-05-13,0.6609
2019-05-14,0.6623
2019-05-15,0.6642
2019-05-16,0.6647
2019-05-17,0.6658
2019-05-20,0.6665
2019-05-21,0.668
2019-05-22,0.6675
2019-05-23,0.6637
2019-05-24,0.6639
2019-05-27,0.664
2019-05-28,0.664
2019-05-29,0.6642
2019-05-30,0.6654
2019-05-31,0.6615
2019-06-03,0.6619
2019-06-04,0.6635
2019-06-05,0.6641
2019-06-06,0.6635
2019-06-07,0.6648
2019-06-10,0.6659
2019-06-11,0.6642
2019-06-12,0.6636
2019-06-13,0.6652
2019-06-14,0.6649
2019-06-17,0.6645
2019-06-18,0.6677
2019-06-19,0.6706
2019-06-20,0.6712
2019-06-21,0.665
2019-06-24,0.6655
2019-06-25,0.668
2019-06-26,0.6698
2019-06-27,0.6716
2019-06-28,0.6716
2019-07-01,0.6746
2019-07-02,0.676
2019-07-03,0.6789
2019-07-04,0.6788
2019-07-05,0.6809
2019-07-08,0.6808
2019-07-09,0.6795
2019-07-10,0.6792
2019-07-11,0.6794
2019-07-12,0.6806
2019-07-15,0.6805
2019-07-16,0.6813
2019-07-17,0.6826
2019-07-18,0.6805
2019-07-19,0.682
2019-07-22,0.6797
2019-07-23,0.6824
2019-07-24,0.6828
2019-07-25,0.6814
2019-07-26,0.6824
2019-07-29,0.6816
2019-07-30,0.6816
2019-07-31,0.6842
2019-08-01,0.6826
2019-08-02,0.6814
2019-08-05,0.6754
2019-08-06,0.6721
2019-08-07,0.6711
2019-08-08,0.6761
2019-08-09,0.6751
2019-08-12,0.6734
2019-08-13,0.6768
2019-08-14,0.6739
2019-08-15,0.6763
2019-08-16,0.6792
2019-08-19,0.6773
2019-08-20,0.6763
2019-08-21,0.6785
2019-08-22,0.6782
2019-08-23,0.6753
2019-08-26,0.6793
2019-08-27,0.6787
2019-08-28,0.6783
2019-08-29,0.6805
2019-08-30,0.6832
2019-09-02,0.6839
2019-09-03,0.6831
2019-09-04,0.685
2019-09-05,0.6849
2019-09-06,0.6881
2019-09-09,0.6872
2019-09-10,0.6884
2019-09-11,0.6883
2019-09-12,0.684
2019-09-13,0.6794
2019-09-16,0.6864
2019-09-17,0.6817
2019-09-18,0.6822
2019-09-19,0.6828
2019-09-20,0.6843
2019-09-23,0.6856
2019-09-24,0.685
2019-09-25,0.6885
2019-09-26,0.69
2019-09-27,0.69
2019-09-30,0.6926
2019-10-01,0.6917
2019-10-02,0.6847
2019-10-03,0.6835
2019-10-04,0.6839
2019-10-07,0.6847
2019-10-08,0.6848
2019-10-09,0.6834
2019-10-10,0.6833
2019-10-11,0.686
2019-10-14,0.685
2019-10-15,0.6865
2019-10-16,0.6838
2019-10-17,0.684
2019-10-18,0.6818
2019-10-21,0.6852
2019-10-22,0.6864
2019-10-23,0.6873
2019-10-24,0.6889
2019-10-25,0.6909
2019-10-28,0.69
2019-10-29,0.6874
2019-10-30,0.6814
2019-10-31,0.6811
2019-11-01,0.6814
2019-11-04,0.6831
2019-11-05,0.6862
2019-11-06,0.6854
2019-11-07,0.6867
2019-11-08,0.6858
2019-11-11,0.6849
2019-11-12,0.6862
2019-11-13,0.6855
2019-11-14,0.6845
2019-11-15,0.684
2019-11-18,0.6837
2019-11-19,0.6801
2019-11-20,0.6788
2019-11-21,0.6806
2019-11-22,0.6818
2019-11-25,0.6825
2019-11-26,0.6835
2019-11-27,0.6845
2019-11-28,0.6838
2019-11-29,0.6834
2019-12-02,0.6781
2019-12-03,0.6784
2019-12-04,0.6836
2019-12-05,0.6834
2019-12-06,0.6819
2019-12-09,0.6825
2019-12-10,0.6814
2019-12-11,0.6818
2019-12-12,0.6813
2019-12-13,0.6826
2019-12-16,0.6821
2019-12-17,0.6813
2019-12-18,0.6859
2019-12-19,0.6847
2019-12-20,0.6863
2019-12-23,0.6859
2019-12-24,0.6849
2019-12-25,0.685
2019-12-26,0.6864
2019-12-27,0.684
2019-12-30,0.6832
2019-12-31,0.6866
2020-01-01,0.6866
2020-01-02,0.6893
2020-01-03,0.6889
2020-01-06,0.6886
2020-01-07,0.6892
2020-01-08,0.6904
2020-01-09,0.6896
2020-01-10,0.6887
2020-01-13,0.6877
2020-01-14,0.6877
2020-01-15,0.6874
2020-01-16,0.6882
2020-01-17,0.6901
2020-01-20,0.6906
2020-01-21,0.6901
2020-01-22,0.686
2020-01-23,0.689
2020-01-24,0.6899
2020-01-27,0.6877
2020-01-28,0.6895
2020-01-29,0.6879
2020-01-30,0.6861
2020-01-31,0.6809
2020-02-03,0.6803
2020-02-04,0.682
2020-02-05,0.6844
2020-02-06,0.6855
2020-02-07,0.6862
2020-02-10,0.6881
2020-02-11,0.6893
2020-02-12,0.694
2020-02-13,0.6951
2020-02-14,0.6965
2020-02-17,0.6972
2020-02-18,0.6987
2020-02-19,0.6998
2020-02-20,0.6992
2020-02-21,0.6969
2020-02-24,0.6928
2020-02-25,0.6919
2020-02-26,0.6891
2020-02-27,0.6787
2020-02-28,0.6767
2020-03-02,0.6739
2020-03-03,0.6685
2020-03-04,0.6706
2020-03-05,0.6633
2020-03-06,0.6599
2020-03-09,0.6372
2020-03-10,0.6458
2020-03-11,0.6439
2020-03-12,0.6419
2020-03-13,0.6521
2020-03-16,0.6377
2020-03-17,0.6402
2020-03-18,0.6311
2020-03-19,0.6442
2020-03-20,0.6507
2020-03-23,0.643
2020-03-24,0.6407
2020-03-25,0.6473
2020-03-26,0.6466
2020-03-27,0.6418
2020-03-30,0.6387
2020-03-31,0.6445
2020-04-01,0.6424
2020-04-02,0.6512
2020-04-03,0.6513
2020-04-06,0.6564
2020-04-07,0.6559
2020-04-08,0.6569
2020-04-09,0.6545
2020-04-10,0.6551
2020-04-13,0.6586
2020-04-14,0.6557
2020-04-15,0.6492
2020-04-16,0.6551
2020-04-17,0.6567
2020-04-20,0.6504
2020-04-21,0.6478
2020-04-22,0.6522
2020-04-23,0.6591
2020-04-24,0.655
2020-04-27,0.6579
2020-04-28,0.6602
2020-04-29,0.6622
2020-04-30,0.6542
2020-05-01,0.6463
2020-05-04,0.6507
2020-05-05,0.6568
2020-05-06,0.6547
2020-05-07,0.6604
2020-05-08,0.6622
2020-05-11,0.6602
2020-05-12,0.6545
2020-05-13,0.6554
2020-05-14,0.6586
2020-05-15,0.6551
2020-05-18,0.6573
2020-05-19,0.6564
2020-05-20,0.655
2020-05-21,0.6542
2020-05-22,0.655
2020-05-25,0.6558
2020-05-26,0.6607
2020-05-27,0.6604
2020-05-28,0.6557
2020-05-29,0.6541
2020-06-01,0.6615
2020-06-02,0.662
2020-06-03,0.6594
2020-06-04,0.6531
2020-06-05,0.6597
2020-06-08,0.6613
2020-06-09,0.6572
2020-06-10,0.6554
2020-06-11,0.6493
2020-06-12,0.6537
2020-06-15,0.6506
2020-06-16,0.6553
2020-06-17,0.6554
2020-06-18,0.6561
2020-06-19,0.6574
2020-06-22,0.6566
2020-06-23,0.6525
2020-06-24,0.6514
2020-06-25,0.6536
2020-06-26,0.6509
2020-06-29,0.651
2020-06-30,0.6555
2020-07-01,0.654
2020-07-02,0.6558
2020-07-03,0.6561
2020-07-06,0.653
2020-07-07,0.6519
2020-07-08,0.6531
2020-07-09,0.6521
2020-07-10,0.6508
2020-07-13,0.6476
2020-07-14,0.6442
2020-07-15,0.6486
2020-07-16,0.6471
2020-07-17,0.6442
2020-07-20,0.6453
2020-07-21,0.6444
2020-07-22,0.644
2020-07-23,0.6428
2020-07-24,0.6394
2020-07-27,0.6369
2020-07-28,0.6377
2020-07-29,0.6354
2020-07-30,0.6286
2020-07-31,0.6326
2020-08-03,0.6346
2020-08-04,0.6359
2020-08-05,0.6352
2020-08-06,0.6326
2020-08-07,0.6336
2020-08-10,0.6379
2020-08-11,0.6402
2020-08-12,0.6404
2020-08-13,0.64
2020-08-14,0.6363
2020-08-17,0.6374
2020-08-18,0.6364
2020-08-19,0.6391
2020-08-20,0.6393
2020-08-21,0.6431
2020-08-24,0.6416
2020-08-25,0.6413
2020-08-26,0.6431
2020-08-27,0.6443
2020-08-28,0.6411
2020-08-31,0.642
2020-09-01,0.6423
2020-09-02,0.6465
2020-09-03,0.6427
2020-09-04,0.6465
2020-09-07,0.6459
2020-09-08,0.6413
2020-09-09,0.6445
2020-09-10,0.6414
2020-09-11,0.6405
2020-09-14,0.6393
2020-09-15,0.6401
2020-09-16,0.6421
2020-09-17,0.6409
2020-09-18,0.6395
2020-09-21,0.6382
2020-09-22,0.642
2020-09-23,0.6404
2020-09-24,0.6408
2020-09-25,0.642
2020-09-28,0.6407
2020-09-29,0.6358
2020-09-30,0.6405
2020-10-01,0.6403
2020-10-02,0.6411
2020-10-05,0.6395
2020-10-06,0.6401
2020-10-07,0.6412
2020-10-08,0.6442
2020-10-09,0.6443
2020-10-12,0.6454
2020-10-13,0.6478
2020-10-14,0.6474
2020-10-15,0.6458
2020-10-16,0.6469
2020-10-19,0.644
2020-10-20,0.644
2020-10-21,0.6411
2020-10-22,0.644
2020-10-23,0.6423
2020-10-26,0.6409
2020-10-27,0.6428
2020-10-28,0.6388
2020-10-29,0.6426
2020-10-30,0.6443
2020-11-02,0.6497
2020-11-03,0.6498
2020-11-04,0.6488
2020-11-05,0.6479
2020-11-06,0.6448
2020-11-09,0.6507
2020-11-10,0.6492
2020-11-11,0.6499
2020-11-12,0.6444
2020-11-13,0.6432
2020-11-16,0.6451
2020-11-17,0.6431
2020-11-18,0.6447
2020-11-19,0.6439
2020-11-20,0.6438
2020-11-23,0.6456
2020-11-24,0.6468
2020-11-25,0.6454
2020-11-26,0.6447
2020-11-27,0.6432
2020-11-30,0.6445
2020-12-01,0.6404
2020-12-02,0.6389
2020-12-03,0.64
2020-12-04,0.6451
2020-12-07,0.6451
2020-12-08,0.6444
2020-12-09,0.6457
2020-12-10,0.6465
2020-12-11,0.6462
2020-12-14,0.645
2020-12-15,0.6477
2020-12-16,0.643
2020-12-17,0.6406
2020-12-18,0.6379
2020-12-21,0.6351
2020-12-22,0.6368
2020-12-23,0.6385
2020-12-24,0.6372
2020-12-25,0.6364
2020-12-28,0.6369
2020-12-29,0.6367
2020-12-30,0.6371
2020-12-31,0.6426
2021-01-01,0.647
2021-01-04,0.6386
2021-01-05,0.6416
2021-01-06,0.6398
2021-01-07,0.642
2021-01-08,0.645
2021-01-11,0.6435
2021-01-12,0.6443
2021-01-13,0.6477
2021-01-14,0.6507
2021-01-15,0.6498
2021-01-18,0.6489
2021-01-19,0.6471
2021-01-20,0.6537
2021-01-21,0.6504
2021-01-22,0.6451
2021-01-25,0.6464
2021-01-26,0.6476
2021-01-27,0.6449
2021-01-28,0.6427
2021-01-29,0.6446
2021-02-01,0.6451
2021-02-02,0.6494
2021-02-03,0.6499
2021-02-04,0.6515
2021-02-05,0.6508
2021-02-08,0.6513
2021-02-09,0.6499
2021-02-10,0.6495
2021-02-11,0.6487
2021-02-12,0.6497
2021-02-15,0.652
2021-02-16,0.6507
2021-02-17,0.6537
2021-02-18,0.6522
2021-02-19,0.654
2021-02-22,0.6519
2021-02-23,0.6537
2021-02-24,0.6569
2021-02-25,0.6515
2021-02-26,0.6497
2021-03-01,0.656
2021-03-02,0.6545
2021-03-03,0.6548
2021-03-04,0.6594
2021-03-05,0.6628
2021-03-08,0.6666
2021-03-09,0.6648
2021-03-10,0.6644
2021-03-11,0.6657
2021-03-12,0.6705
2021-03-15,0.672
2021-03-16,0.6747
2021-03-17,0.6729
2021-03-18,0.672
2021-03-19,0.6719
2021-03-22,0.6689
2021-03-23,0.6702
2021-03-24,0.6729
2021-03-25,0.6738
2021-03-26,0.674
2021-03-29,0.675
2021-03-30,0.6753
2021-03-31,0.6785
2021-04-01,0.6765
2021-04-02,0.6755
2021-04-05,0.6758
2021-04-06,0.6699
2021-04-07,0.6678
2021-04-08,0.668
2021-04-09,0.6702
2021-04-12,0.6681
2021-04-13,0.6674
2021-04-14,0.6664
2021-04-15,0.666
2021-04-16,0.667
2021-04-19,0.6627
2021-04-20,0.6588
2021-04-21,0.6647
2021-04-22,0.6653
2021-04-23,0.6623
2021-04-26,0.6675
2021-04-27,0.6669
2021-04-28,0.6695
2021-04-29,0.6716
2021-04-30,0.6767
2021-05-03,0.675
2021-05-04,0.6759
2021-05-05,0.6789
2021-05-06,0.6819
2021-05-07,0.6775
2021-05-10,0.6812
2021-05-11,0.6799
2021-05-12,0.6825
2021-05-13,0.6804
2021-05-14,0.6802
2021-05-17,0.6816
2021-05-18,0.6779
2021-05-19,0.6768
2021-05-20,0.6779
2021-05-21,0.6799
2021-05-24,0.6797
2021-05-25,0.6764
2021-05-26,0.6766
2021-05-27,0.6794
2021-05-28,0.6792
2021-05-31,0.6777
2021-06-01,0.678
2021-06-02,0.6803
2021-06-03,0.6811
2021-06-04,0.6799
2021-06-07,0.6789
2021-06-08,0.678
2021-06-09,0.6777
2021-06-10,0.679
2021-06-11,0.6791
2021-06-14,0.6792
2021-06-15,0.6766
2021-06-16,0.6789
2021-06-17,0.679
2021-06-18,0.6761
2021-06-21,0.6787
2021-06-22,0.6802
2021-06-23,0.6813
2021-06-24,0.6798
2021-06-25,0.6812
2021-06-28,0.6794
2021-06-29,0.6776
2021-06-30,0.6802
2021-07-01,0.6782
2021-07-02,0.6839
2021-07-05,0.6829
2021-07-06,0.6784
2021-07-07,0.6793
2021-07-08,0.6734
2021-07-09,0.6763
2021-07-12,0.6768
2021-07-13,0.6785
2021-07-14,0.6753
2021-07-15,0.6719
2021-07-16,0.6714
2021-07-19,0.6645
2021-07-20,0.6693
2021-07-21,0.6752
2021-07-22,0.6759
2021-07-23,0.676
2021-07-26,0.6754
2021-07-27,0.6713
2021-07-28,0.6737
2021-07-29,0.6756
2021-07-30,0.6753
2021-08-02,0.6732
2021-08-03,0.6722
2021-08-04,0.6734
2021-08-05,0.6753
2021-08-06,0.6771
2021-08-09,0.6771
2021-08-10,0.6812
2021-08-11,0.681
2021-08-12,0.6804
2021-08-13,0.6773
2021-08-16,0.675
2021-08-17,0.6759
2021-08-18,0.6744
2021-08-19,0.6674
2021-08-20,0.6665
2021-08-23,0.673
2021-08-24,0.6756
2021-08-25,0.6744
2021-08-26,0.6706
2021-08-27,0.6712
2021-08-30,0.6724
2021-08-31,0.671
2021-09-01,0.6693
2021-09-02,0.6706
2021-09-03,0.6716
2021-09-06,0.6718
2021-09-07,0.6678
2021-09-08,0.6667
2021-09-09,0.6676
2021-09-10,0.6668
2021-09-13,0.669
2021-09-14,0.6671
2021-09-15,0.6695
2021-09-16,0.6699
2021-09-17,0.6676
2021-09-20,0.6648
2021-09-21,0.6652
2021-09-22,0.6697
2021-09-23,0.6729
2021-09-24,0.6742
2021-09-27,0.6769
2021-09-28,0.6744
2021-09-29,0.6758
2021-09-30,0.6806
2021-10-01,0.6815
2021-10-04,0.6833
2021-10-05,0.685
2021-10-06,0.687
2021-10-07,0.6896
2021-10-08,0.6929
2021-10-11,0.6934
2021-10-12,0.6955
2021-10-13,0.6931
2021-10-14,0.697
2021-10-15,0.6967
2021-10-18,0.6957
2021-10-19,0.6951
2021-10-20,0.6964
2021-10-21,0.6955
2021-10-22,0.6938
2021-10-25,0.6956
2021-10-26,0.6958
2021-10-27,0.6972
2021-10-28,0.6933
2021-10-29,0.6978
2021-11-01,0.6964
2021-11-02,0.6956
2021-11-03,0.6948
2021-11-04,0.6948
2021-11-05,0.6938
2021-11-08,0.6933
2021-11-09,0.6933
2021-11-10,0.6971
2021-11-11,0.6941
2021-11-12,0.6959
2021-11-15,0.7025
2021-11-16,0.7029
2021-11-17,0.7004
2021-11-18,0.6976
2021-11-19,0.7006
2021-11-22,0.7005
2021-11-23,0.7017
2021-11-24,0.7047
2021-11-25,0.7051
2021-11-26,0.6906
2021-11-29,0.6949
2021-11-30,0.6901
2021-12-01,0.689
2021-12-02,0.6905
2021-12-03,0.6879
2021-12-06,0.6944
2021-12-07,0.7019
2021-12-08,0.6966
2021-12-09,0.6964
2021-12-10,0.6946
2021-12-13,0.6918
2021-12-14,0.6903
2021-12-15,0.6902
2021-12-16,0.6908
2021-12-17,0.6898
2021-12-20,0.6849
2021-12-21,0.6859
2021-12-22,0.6877
2021-12-23,0.6888
2021-12-24,0.6893
2021-12-27,0.6901
2021-12-28,0.6892
2021-12-29,0.6886
2021-12-30,0.6929
2021-12-31,0.6958
2022-01-03,0.6945
2022-01-04,0.6969
2022-01-05,0.6926
2022-01-06,0.6953
2022-01-07,0.6958
2022-01-10,0.6961
2022-01-11,0.6996
2022-01-12,0.6983
2022-01-13,0.697
2022-01-14,0.6975
2022-01-17,0.6998
2022-01-18,0.7053
2022-01-19,0.7043
2022-01-20,0.7067
2022-01-21,0.7005
2022-01-24,0.6985
2022-01-25,0.7004
2022-01-26,0.7021
2022-01-27,0.7039
2022-01-28,0.7027
2022-01-31,0.7002
2022-02-01,0.699
2022-02-02,0.698
2022-02-03,0.6893
2022-02-04,0.684
2022-02-07,0.6898
2022-02-08,0.6889
2022-02-09,0.6905
2022-02-10,0.6879
2022-02-11,0.6915
2022-02-14,0.6945
2022-02-15,0.692
2022-02-16,0.693
2022-02-17,0.6925
2022-02-18,0.6924
2022-02-21,0.6932
2022-02-22,0.6912
2022-02-23,0.6941
2022-02-24,0.6971
2022-02-25,0.6981
2022-02-28,0.7028
2022-03-01,0.7051
2022-03-02,0.7117
2022-03-03,0.7124
2022-03-04,0.7186
2022-03-07,0.7184
2022-03-08,0.7119
2022-03-09,0.7047
2022-03-10,0.7126
2022-03-11,0.719
2022-03-14,0.7126
2022-03-15,0.715
2022-03-16,0.7149
2022-03-17,0.7138
2022-03-18,0.7178
2022-03-21,0.7206
2022-03-22,0.7211
2022-03-23,0.7232
2022-03-24,0.7257
2022-03-25,0.7295
2022-03-28,0.7273
2022-03-29,0.7212
2022-03-30,0.7175
2022-03-31,0.7226
2022-04-01,0.7223
2022-04-04,0.7296
2022-04-05,0.7341
2022-04-06,0.7316
2022-04-07,0.7299
2022-04-08,0.7311
2022-04-11,0.7271
2022-04-12,0.7302
2022-04-13,0.7306
2022-04-14,0.7326
2022-04-15,0.7333
2022-04-18,0.7348
2022-04-19,0.7344
2022-04-20,0.7372
2022-04-21,0.7333
2022-04-22,0.7285
2022-04-25,0.7327
2022-04-26,0.7328
2022-04-27,0.7387
2022-04-28,0.7433
2022-04-29,0.7374
2022-05-02,0.7389
2022-05-03,0.7398
2022-05-04,0.739
2022-05-05,0.7389
2022-05-06,0.7339
2022-05-09,0.7279
2022-05-10,0.7289
2022-05-11,0.7317
2022-05-12,0.7383
2022-05-13,0.7436
2022-05-16,0.7461
2022-05-17,0.7397
2022-05-18,0.7409
2022-05-19,0.736
2022-05-20,0.7371
2022-05-23,0.7324
2022-05-24,0.7266
2022-05-25,0.7303
2022-05-26,0.7296
2022-05-27,0.7322
2022-05-30,0.7329
2022-05-31,0.7364
2022-06-01,0.7415
2022-06-02,0.7399
2022-06-03,0.7406
2022-06-06,0.7432
2022-06-07,0.7454
2022-06-08,0.7428
2022-06-09,0.7416
2022-06-10,0.7436
2022-06-13,0.7447
2022-06-14,0.7412
2022-06-15,0.7426
2022-06-16,0.7317
2022-06-17,0.7308
2022-06-20,0.7327
2022-06-21,0.7349
2022-06-22,0.7308
2022-06-23,0.7308
2022-06-24,0.7344
2022-06-27,0.7334
2022-06-28,0.7381
2022-06-29,0.7426
2022-06-30,0.7409
2022-07-01,0.7442
2022-07-04,0.7457
2022-07-05,0.7467
2022-07-06,0.7531
2022-07-07,0.7588
2022-07-08,0.7579
2022-07-11,0.7653
2022-07-12,0.7646
2022-07-13,0.7658
2022-07-14,0.7606
2022-07-15,0.7603
2022-07-18,0.7594
2022-07-19,0.7596
2022-07-20,0.7622
2022-07-21,0.7594
2022-07-22,0.7579
2022-07-25,0.761
2022-07-26,0.7668
2022-07-27,0.7638
2022-07-28,0.7657
2022-07-29,0.7646
2022-08-01,0.7584
2022-08-02,0.7633
2022-08-03,0.7658
2022-08-04,0.7585
2022-08-05,0.7591
2022-08-08,0.7627
2022-08-09,0.7593
2022-08-10,0.7598
2022-08-11,0.759
2022-08-12,0.7628
2022-08-15,0.7623
2022-08-16,0.765
2022-08-17,0.7603
2022-08-18,0.7651
2022-08-19,0.7665
2022-08-22,0.7699
2022-08-23,0.7741
2022-08-24,0.7735
2022-08-25,0.7756
2022-08-26,0.7697
2022-08-29,0.7686
2022-08-30,0.7623
2022-08-31,0.7568
2022-09-01,0.764
2022-09-02,0.7647
2022-09-05,0.766
2022-09-06,0.7674
2022-09-07,0.7618
2022-09-08,0.7639
2022-09-09,0.7642
2022-09-12,0.7603
2022-09-13,0.7613
2022-09-14,0.7606
2022-09-15,0.7556
2022-09-16,0.7525
2022-09-19,0.7527
2022-09-20,0.75
2022-09-21,0.7547
2022-09-22,0.7538
2022-09-23,0.7589
2022-09-26,0.7575
2022-09-27,0.7594
2022-09-28,0.7547
2022-09-29,0.7445
2022-09-30,0.7376
2022-10-03,0.7467
2022-10-04,0.7409
2022-10-05,0.7429
2022-10-06,0.7426
2022-10-07,0.7468
2022-10-10,0.7478
2022-10-11,0.7465
2022-10-12,0.7455
2022-10-13,0.7436
2022-10-14,0.7407
2022-10-17,0.7407
2022-10-18,0.7383
2022-10-19,0.743
2022-10-20,0.7422
2022-10-21,0.7431
2022-10-24,0.7388
2022-10-25,0.7371
2022-10-26,0.7318
2022-10-27,0.7396
2022-10-28,0.7375
2022-10-31,0.7423
2022-11-01,0.7429
2022-11-02,0.7426
2022-11-03,0.7458
2022-11-04,0.7446
2022-11-07,0.739
2022-11-08,0.7392
2022-11-09,0.7381
2022-11-10,0.7352
2022-11-11,0.7283
2022-11-14,0.7271
2022-11-15,0.7273
2022-11-16,0.7215
2022-11-17,0.7238
2022-11-18,0.7234
2022-11-21,0.7257
2022-11-22,0.7252
2022-11-23,0.7201
2022-11-24,0.7202
2022-11-25,0.7188
2022-11-28,0.7163
2022-11-29,0.7127
2022-11-30,0.7164
2022-12-01,0.7072
2022-12-02,0.7041
2022-12-05,0.7012
2022-12-06,0.6993
2022-12-07,0.6971
2022-12-08,0.6966
2022-12-09,0.6953
2022-12-12,0.6958
2022-12-13,0.6939
2022-12-14,0.6907
2022-12-15,0.6886
2022-12-16,0.6893
2022-12-19,0.6909
2022-12-20,0.6914
2022-12-21,0.6926
2022-12-22,0.6913
2022-12-23,0.6924
2022-12-26,0.6918
2022-12-27,0.6949
2022-12-28,0.6922
2022-12-29,0.6922
2022-12-30,0.6892
2023-01-02,0.6906
2023-01-03,0.693
2023-01-04,0.6997
2023-01-05,0.7001
2023-01-06,0.6985
2023-01-09,0.696
2023-01-10,0.6936
2023-01-11,0.6923
2023-01-12,0.6894
2023-01-13,0.6889
2023-01-16,0.6893
2023-01-17,0.6921
2023-01-18,0.6864
2023-01-19,0.6857
2023-01-20,0.6882
2023-01-23,0.688
2023-01-24,0.6871
2023-01-25,0.6838
2023-01-26,0.6891
2023-01-27,0.691
2023-01-30,0.6885
2023-01-31,0.6917
2023-02-01,0.6845
2023-02-02,0.6881
2023-02-03,0.6911
2023-02-06,0.6927
2023-02-07,0.6956
2023-02-08,0.694
2023-02-09,0.692
2023-02-10,0.7016
2023-02-13,0.6994
2023-02-14,0.6981
2023-02-15,0.6982
2023-02-16,0.6962
2023-02-17,0.6939
2023-02-20,0.6955
2023-02-21,0.6933
2023-02-22,0.6958
2023-02-23,0.6963
2023-02-24,0.6962
2023-02-27,0.694
2023-02-28,0.6925
2023-03-01,0.6892
2023-03-02,0.6938
2023-03-03,0.6915
2023-03-06,0.6877
2023-03-07,0.6889
2023-03-08,0.6867
2023-03-09,0.6831
2023-03-10,0.6792
2023-03-13,0.6787
2023-03-14,0.6807
2023-03-15,0.6866
2023-03-16,0.6869
2023-03-17,0.6825
2023-03-20,0.6825
2023-03-21,0.6769
2023-03-22,0.6707
2023-03-23,0.6729
2023-03-24,0.6758
2023-03-27,0.6779
2023-03-28,0.6779
2023-03-29,0.6799
2023-03-30,0.678
2023-03-31,0.6823
2023-04-03,0.6828
2023-04-04,0.6791
2023-04-05,0.6811
2023-04-06,0.6784
2023-04-07,0.679
2023-04-10,0.6812
2023-04-11,0.6802
2023-04-12,0.6767
2023-04-13,0.6788
2023-04-14,0.68
2023-04-17,0.6832
2023-04-18,0.6804
2023-04-19,0.678
2023-04-20,0.6762
2023-04-21,0.6719
2023-04-24,0.6685
2023-04-25,0.6687
2023-04-26,0.6639
2023-04-27,0.6669
2023-04-28,0.6693
2023-05-01,0.6724
2023-05-02,0.6668
2023-05-03,0.6639
2023-05-04,0.6704
2023-05-05,0.6784
2023-05-08,0.6791
2023-05-09,0.6811
2023-05-10,0.6807
2023-05-11,0.6787
2023-05-12,0.68
2023-05-15,0.6826
2023-05-16,0.6825
2023-05-17,0.6855
2023-05-18,0.6874
2023-05-19,0.6854
2023-05-22,0.6845
2023-05-23,0.6875
2023-05-24,0.684
2023-05-25,0.6837
2023-05-26,0.6847
2023-05-29,0.6871
2023-05-30,0.6846
2023-05-31,0.6889
2023-06-01,0.6906
2023-06-02,0.6954
2023-06-05,0.694
2023-06-06,0.6975
2023-06-07,0.6987
2023-06-08,0.6943
2023-06-09,0.697
2023-06-12,0.6953
2023-06-13,0.6955
2023-06-14,0.6926
2023-06-15,0.6907
2023-06-16,0.6924
2023-06-19,0.6929
2023-06-20,0.6919
2023-06-21,0.6912
2023-06-22,0.6938
2023-06-23,0.6962
2023-06-26,0.6968
2023-06-27,0.6913
2023-06-28,0.6909
2023-06-29,0.6941
2023-06-30,0.692
2023-07-03,0.6913
2023-07-04,0.6949
2023-07-05,0.6934
2023-07-06,0.6868
2023-07-07,0.6866
2023-07-10,0.6843
2023-07-11,0.6864
2023-07-12,0.6811
2023-07-13,0.6793
2023-07-14,0.6737
2023-07-17,0.6741
2023-07-18,0.6762
2023-07-19,0.678
2023-07-20,0.6818
2023-07-21,0.6797
2023-07-24,0.6862
2023-07-25,0.6866
2023-07-26,0.6827
2023-07-27,0.6888
2023-07-28,0.6848
2023-07-31,0.6894
2023-08-01,0.6853
2023-08-02,0.6846
2023-08-03,0.6837
2023-08-04,0.679
2023-08-07,0.6794
2023-08-08,0.68
2023-08-09,0.6788
2023-08-10,0.677
2023-08-11,0.6795
2023-08-14,0.6809
2023-08-15,0.6792
2023-08-16,0.679
2023-08-17,0.6788
2023-08-18,0.6789
2023-08-21,0.6775
2023-08-22,0.6803
2023-08-23,0.6805
2023-08-24,0.6808
2023-08-25,0.6802
2023-08-28,0.6795
2023-08-29,0.6779
2023-08-30,0.6761
2023-08-31,0.6825
2023-09-01,0.6824
2023-09-04,0.6814
2023-09-05,0.683
2023-09-06,0.6835
2023-09-07,0.6827
2023-09-08,0.6849
2023-09-11,0.6851
2023-09-12,0.6857
2023-09-13,0.6877
2023-09-14,0.6954
2023-09-15,0.6938
2023-09-18,0.6932
2023-09-19,0.6961
2023-09-20,0.6965
2023-09-21,0.6956
2023-09-22,0.6958
2023-09-25,0.7015
2023-09-26,0.6995
2023-09-27,0.7052
2023-09-28,0.7018
2023-09-29,0.6965
2023-10-02,0.6977
2023-10-03,0.6968
2023-10-04,0.6924
2023-10-05,0.6913
2023-10-06,0.6911
2023-10-09,0.6961
2023-10-10,0.694
2023-10-11,0.6925
2023-10-12,0.6935
2023-10-13,0.6963
2023-10-16,0.6956
2023-10-17,0.6925
2023-10-18,0.6917
2023-10-19,0.6885
2023-10-20,0.6881
2023-10-23,0.6843
2023-10-24,0.6871
2023-10-25,0.6859
2023-10-26,0.6844
2023-10-27,0.6821
2023-10-30,0.6812
2023-10-31,0.6812
2023-11-01,0.6826
2023-11-02,0.685
2023-11-03,0.6821
2023-11-06,0.681
2023-11-07,0.6787
2023-11-08,0.677
2023-11-09,0.6787
2023-11-10,0.678
2023-11-13,0.6769
2023-11-14,0.6712
2023-11-15,0.6735
2023-11-16,0.6696
2023-11-17,0.6679
2023-11-20,0.6657
2023-11-21,0.6688
2023-11-22,0.6707
2023-11-23,0.6693
2023-11-24,0.67
2023-11-27,0.6703
2023-11-28,0.67
2023-11-29,0.6706
2023-11-30,0.6772
2023-12-01,0.6806
2023-12-04,0.6816
2023-12-05,0.6811
2023-12-06,0.6832
2023-12-07,0.6811
2023-12-08,0.6835
2023-12-11,0.6841
2023-12-12,0.6815
2023-12-13,0.68
2023-12-14,0.6783
2023-12-15,0.6858
2023-12-18,0.6829
2023-12-19,0.6827
2023-12-20,0.6834
2023-12-21,0.6836
2023-12-22,0.6839
2023-12-25,0.6853
2023-12-26,0.686
2023-12-27,0.6815
2023-12-28,0.6831
2023-12-29,0.6837
2024-01-01,0.6838
2024-01-02,0.6858
2024-01-03,0.6856
2024-01-04,0.6842
2024-01-05,0.6837
2024-01-08,0.6839
2024-01-09,0.683
2024-01-10,0.6809
2024-01-11,0.6803
2024-01-12,0.6807
2024-01-15,0.6799
2024-01-16,0.681
2024-01-17,0.6802
2024-01-18,0.6816
2024-01-19,0.6831
2024-01-22,0.6816
2024-01-23,0.6846
2024-01-24,0.6791
2024-01-25,0.6841
2024-01-26,0.6847
2024-01-29,0.6878
2024-01-30,0.688
2024-01-31,0.6879
2024-02-01,0.6869
2024-02-02,0.6885
2024-02-05,0.6872
2024-02-06,0.6891
2024-02-07,0.6893
2024-02-08,0.6891
2024-02-09,0.6888
2024-02-12,0.6899
2024-02-13,0.6882
2024-02-14,0.6882
2024-02-15,0.6891
2024-02-16,0.6879
2024-02-19,0.6875
2024-02-20,0.6841
2024-02-21,0.6842
2024-02-22,0.6851
2024-02-23,0.6841
2024-02-26,0.6821
2024-02-27,0.6814
2024-02-28,0.6793
2024-02-29,0.6813
2024-03-01,0.6802
2024-03-04,0.6784
2024-03-05,0.6773
2024-03-06,0.6788
2024-03-07,0.6784
2024-03-08,0.6779
2024-03-11,0.6787
2024-03-12,0.6782
2024-03-13,0.678
2024-03-14,0.6788
2024-03-15,0.678
2024-03-18,0.6794
2024-03-19,0.6783
2024-03-20,0.6785
2024-03-21,0.6804
2024-03-22,0.6798
2024-03-25,0.6789
2024-03-26,0.6794
2024-03-27,0.6806
2024-03-28,0.6843
2024-03-29,0.6841
2024-04-01,0.6857
2024-04-02,0.6842
2024-04-03,0.682
2024-04-04,0.6811
2024-04-05,0.6788
2024-04-08,0.6784
2024-04-09,0.6786
2024-04-10,0.6802
2024-04-11,0.6809
2024-04-12,0.6818
2024-04-15,0.6824
2024-04-16,0.6807
2024-04-17,0.68
2024-04-18,0.6823
2024-04-19,0.682
2024-04-22,0.6849
2024-04-23,0.6837
2024-04-24,0.6818
2024-04-25,0.6824
2024-04-26,0.6838
2024-04-29,0.6826
2024-04-30,0.6802
2024-05-01,0.6793
2024-05-02,0.6816
2024-05-03,0.6788
2024-05-06,0.6793
2024-05-07,0.6772
2024-05-08,0.6779
2024-05-09,0.678
2024-05-10,0.6788
2024-05-13,0.678
2024-05-14,0.6769
2024-05-15,0.6752
2024-05-16,0.6756
2024-05-17,0.6755
2024-05-20,0.6757
2024-05-21,0.6746
2024-05-22,0.6744
2024-05-23,0.6733
2024-05-24,0.6744
2024-05-27,0.6753
2024-05-28,0.6747
2024-05-29,0.6747
2024-05-30,0.6747
2024-05-31,0.6765
2024-06-03,0.6727
2024-06-04,0.6716
2024-06-05,0.6716
2024-06-06,0.6715
2024-06-07,0.6724
2024-06-10,0.6749
2024-06-11,0.6766
2024-06-12,0.6739
2024-06-13,0.6775
2024-06-14,0.6801
2024-06-17,0.6787
2024-06-18,0.6786
2024-06-19,0.6787
2024-06-20,0.6824
2024-06-21,0.6826
2024-06-24,0.6821
2024-06-25,0.6832
2024-06-26,0.6832
2024-06-27,0.6818
2024-06-28,0.682
2024-07-01,0.6777
2024-07-02,0.6801
2024-07-03,0.6796
2024-07-04,0.6793
2024-07-05,0.6762
2024-07-08,0.6774
2024-07-09,0.6779
2024-07-10,0.6778
2024-07-11,0.6748
2024-07-12,0.6723
2024-07-15,0.6708
2024-07-16,0.6708
2024-07-17,0.6678
2024-07-18,0.6695
2024-07-19,0.6691
2024-07-22,0.6672
2024-07-23,0.6683
2024-07-24,0.6679
2024-07-25,0.6668
2024-07-26,0.6653
2024-07-29,0.6669
2024-07-30,0.6675
2024-07-31,0.6689
2024-08-01,0.6678
2024-08-02,0.6605
2024-08-05,0.6602
2024-08-06,0.6635
2024-08-07,0.6654
2024-08-08,0.6668
2024-08-09,0.6671
2024-08-12,0.6656
2024-08-13,0.6636
2024-08-14,0.6619
2024-08-15,0.6637
2024-08-16,0.6626
2024-08-19,0.6616
2024-08-20,0.6594
2024-08-21,0.6596
2024-08-22,0.6608
2024-08-23,0.6613
2024-08-26,0.6642
2024-08-27,0.6649
2024-08-28,0.667
2024-08-29,0.6694
2024-08-30,0.6707
2024-09-02,0.6692
2024-09-03,0.6681
2024-09-04,0.668
2024-09-05,0.6665
2024-09-06,0.6643
2024-09-09,0.6683
2024-09-10,0.6666
2024-09-11,0.6687
2024-09-12,0.6648
2024-09-13,0.6645
2024-09-16,0.661
2024-09-17,0.6617
2024-09-18,0.6611
2024-09-19,0.6607
2024-09-20,0.6601
2024-09-23,0.6645
2024-09-24,0.6659
2024-09-25,0.6659
2024-09-26,0.6645
2024-09-27,0.6626
2024-09-30,0.664
2024-10-01,0.6696
2024-10-02,0.6704
2024-10-03,0.6687
2024-10-04,0.6709
2024-10-07,0.6689
2024-10-08,0.6671
2024-10-09,0.6667
2024-10-10,0.6654
2024-10-11,0.6642
2024-10-14,0.6644
2024-10-15,0.6665
2024-10-16,0.6693
2024-10-17,0.6692
2024-10-18,0.6667
2024-10-21,0.6684
2024-10-22,0.67
2024-10-23,0.6702
2024-10-24,0.6665
2024-10-25,0.6667
2024-10-28,0.6658
2024-10-29,0.6642
2024-10-30,0.6624
2024-10-31,0.6594
2024-11-01,0.6614
2024-11-04,0.6612
2024-11-05,0.6615
2024-11-06,0.6686
2024-11-07,0.6676
2024-11-08,0.6707
2024-11-11,0.6738
2024-11-12,0.6749
2024-11-13,0.6762
2024-11-14,0.6753
2024-11-15,0.6731
2024-11-18,0.6731
2024-11-19,0.676
2024-11-20,0.6784
2024-11-21,0.683
2024-11-22,0.6863
2024-11-25,0.6812
2024-11-26,0.6782
2024-11-27,0.6744
2024-11-28,0.6759
2024-11-29,0.6751
2024-12-02,0.6779
2024-12-03,0.6762
2024-12-04,0.6759
2024-12-05,0.6732
2024-12-06,0.668
2024-12-09,0.6685
2024-12-10,0.6696
2024-12-11,0.6728
2024-12-12,0.6717
2024-12-13,0.6689
2024-12-16,0.6678
2024-12-17,0.6659
2024-12-18,0.6685
2024-12-19,0.6701
2024-12-20,0.667
2024-12-23,0.6686
2024-12-24,0.6694
2024-12-25,0.6689
2024-12-26,0.6658
2024-12-27,0.6653
2024-12-30,0.6692
2024-12-31,0.6714
2025-01-01,0.6711
2025-01-02,0.6763
2025-01-03,0.6714
2025-01-06,0.6715
2025-01-07,0.6729
2025-01-08,0.6739
2025-01-09,0.6744
2025-01-10,0.6766
2025-01-13,0.6787
2025-01-14,0.6759
2025-01-15,0.6776
2025-01-16,0.6744
2025-01-17,0.6723
2025-01-20,0.6708
2025-01-21,0.6693
2025-01-22,0.6681
2025-01-23,0.6673
2025-01-24,0.6641
2025-01-27,0.663
2025-01-28,0.6656
2025-01-29,0.6654
2025-01-30,0.664
2025-01-31,0.664
2025-02-03,0.6699
2025-02-04,0.6725
2025-02-05,0.6716
2025-02-06,0.673
2025-02-07,0.6773
2025-02-10,0.6775
2025-02-11,0.6753
2025-02-12,0.6731
2025-02-13,0.6733
2025-02-14,0.6716
2025-02-17,0.6722
2025-02-18,0.674
2025-02-19,0.6739
2025-02-20,0.6715
2025-02-21,0.6721
2025-02-24,0.6698
2025-02-25,0.6643
2025-02-26,0.6651
2025-02-27,0.6659
2025-02-28,0.6662
2025-03-03,0.6582
2025-03-04,0.6536
2025-03-05,0.6461
2025-03-06,0.6485
2025-03-07,0.6417
2025-03-10,0.639
2025-03-11,0.6343
2025-03-12,0.6391
2025-03-13,0.6379
2025-03-14,0.6395
2025-03-17,0.6405
2025-03-18,0.6388
2025-03-19,0.64
2025-03-20,0.643
2025-03-21,0.6443
2025-03-24,0.6463
2025-03-25,0.6488
2025-03-26,0.6516
2025-03-27,0.6471
2025-03-28,0.6449
2025-03-31,0.6425
2025-04-01,0.6477
2025-04-02,0.6472
2025-04-03,0.6416
2025-04-04,0.6417
2025-04-07,0.6435
2025-04-08,0.6396
2025-04-09,0.6483
2025-04-10,0.6384
2025-04-11,0.6348
2025-04-14,0.6348
2025-04-15,0.635
2025-04-16,0.6329
2025-04-17,0.6358
2025-04-18,0.6337
2025-04-21,0.6272
2025-04-22,0.6338
2025-04-23,0.6366
2025-04-24,0.6339
2025-04-25,0.635
2025-04-28,0.633
2025-04-29,0.635
2025-04-30,0.6397
2025-05-01,0.6392
2025-05-02,0.6405
2025-05-05,0.6393
2025-05-06,0.6383
2025-05-07,0.6393
2025-05-08,0.6396
2025-05-09,0.6379
2025-05-12,0.6454
2025-05-13,0.6416
