Date,CADUSD
2018-01-01,0.7972
2018-01-02,0.7992
2018-01-03,0.7978
2018-01-04,0.8009
2018-01-05,0.8058
2018-01-08,0.8051
2018-01-09,0.8023
2018-01-10,0.797
2018-01-11,0.7988
2018-01-12,0.8027
2018-01-15,0.8045
2018-01-16,0.8042
2018-01-17,0.804
2018-01-18,0.8053
2018-01-19,0.8007
2018-01-22,0.8036
2018-01-23,0.8054
2018-01-24,0.8098
2018-01-25,0.8076
2018-01-26,0.8123
2018-01-29,0.8105
2018-01-30,0.8107
2018-01-31,0.812
2018-02-01,0.8153
2018-02-02,0.8047
2018-02-05,0.7975
2018-02-06,0.8005
2018-02-07,0.7956
2018-02-08,0.7934
2018-02-09,0.7951
2018-02-12,0.7953
2018-02-13,0.7942
2018-02-14,0.8006
2018-02-15,0.8014
2018-02-16,0.7964
2018-02-19,0.7961
2018-02-20,0.7906
2018-02-21,0.7873
2018-02-22,0.7871
2018-02-23,0.7917
2018-02-26,0.7886
2018-02-27,0.7827
2018-02-28,0.7793
2018-03-01,0.7789
2018-03-02,0.7764
2018-03-05,0.7713
2018-03-06,0.7766
2018-03-07,0.7745
2018-03-08,0.7754
2018-03-09,0.7804
2018-03-12,0.7789
2018-03-13,0.7713
2018-03-14,0.7719
2018-03-15,0.7661
2018-03-16,0.7635
2018-03-19,0.7647
2018-03-20,0.7651
2018-03-21,0.7752
2018-03-22,0.7728
2018-03-23,0.7756
2018-03-26,0.7788
2018-03-27,0.7762
2018-03-28,0.7738
2018-03-29,0.7763
2018-03-30,0.7755
2018-04-02,0.7744
2018-04-03,0.7808
2018-04-04,0.7831
2018-04-05,0.7844
2018-04-06,0.7823
2018-04-09,0.7875
2018-04-10,0.7934
2018-04-11,0.7949
2018-04-12,0.7946
2018-04-13,0.7928
2018-04-16,0.7958
2018-04-17,0.797
2018-04-18,0.7918
2018-04-19,0.7892
2018-04-20,0.7837
2018-04-23,0.7782
2018-04-24,0.7792
2018-04-25,0.7786
2018-04-26,0.7772
2018-04-27,0.7795
2018-04-30,0.7786
2018-05-01,0.7783
2018-05-02,0.7762
2018-05-03,0.7784
2018-05-04,0.7784
2018-05-07,0.7763
2018-05-08,0.7722
2018-05-09,0.778
2018-05-10,0.7833
2018-05-11,0.7817
2018-05-14,0.7805
2018-05-15,0.7768
2018-05-16,0.7821
2018-05-17,0.7809
2018-05-18,0.7763
2018-05-21,0.7821
2018-05-22,0.7801
2018-05-23,0.7793
2018-05-24,0.7762
2018-05-25,0.7709
2018-05-28,0.7698
2018-05-29,0.7681
2018-05-30,0.7768
2018-05-31,0.7717
2018-06-01,0.7723
2018-06-04,0.7734
2018-06-05,0.771
2018-06-06,0.7726
2018-06-07,0.7709
2018-06-08,0.7736
2018-06-11,0.7706
2018-06-12,0.7683
2018-06-13,0.7701
2018-06-14,0.7632
2018-06-15,0.7574
2018-06-18,0.7576
2018-06-19,0.7528
2018-06-20,0.7512
2018-06-21,0.7511
2018-06-22,0.7535
2018-06-25,0.7521
2018-06-26,0.7513
2018-06-27,0.7497
2018-06-28,0.755
2018-06-29,0.7615
2018-07-02,0.7584
2018-07-03,0.7611
2018-07-04,0.7609
2018-07-05,0.7614
2018-07-06,0.7644
2018-07-09,0.7629
2018-07-10,0.7627
2018-07-11,0.7572
2018-07-12,0.7602
2018-07-13,0.7598
2018-07-16,0.7613
2018-07-17,0.7581
2018-07-18,0.7592
2018-07-19,0.7536
2018-07-20,0.7604
2018-07-23,0.7591
2018-07-24,0.7602
2018-07-25,0.7665
2018-07-26,0.7649
2018-07-27,0.7661
2018-07-30,0.7671
2018-07-31,0.7688
2018-08-01,0.769
2018-08-02,0.7681
2018-08-03,0.7698
2018-08-06,0.769
2018-08-07,0.7661
2018-08-08,0.7679
2018-08-09,0.7663
2018-08-10,0.7608
2018-08-13,0.7614
2018-08-14,0.7659
2018-08-15,0.7609
2018-08-16,0.7603
2018-08-17,0.7657
2018-08-20,0.7664
2018-08-21,0.7671
2018-08-22,0.7694
2018-08-23,0.7644
2018-08-24,0.7677
2018-08-27,0.7711
2018-08-28,0.7733
2018-08-29,0.775
2018-08-30,0.7704
2018-08-31,0.767
2018-09-03,0.7638
2018-09-04,0.7583
2018-09-05,0.7589
2018-09-06,0.7609
2018-09-07,0.76
2018-09-10,0.7595
2018-09-11,0.7652
2018-09-12,0.7693
2018-09-13,0.7692
2018-09-14,0.7672
2018-09-17,0.7665
2018-09-18,0.7707
2018-09-19,0.7741
2018-09-20,0.7749
2018-09-21,0.7742
2018-09-24,0.7718
2018-09-25,0.772
2018-09-26,0.7679
2018-09-27,0.7666
2018-09-28,0.7747
2018-10-01,0.7802
2018-10-02,0.7797
2018-10-03,0.7769
2018-10-04,0.7736
2018-10-05,0.7729
2018-10-08,0.7711
2018-10-09,0.7723
2018-10-10,0.7652
2018-10-11,0.7674
2018-10-12,0.7678
2018-10-15,0.7696
2018-10-16,0.773
2018-10-17,0.768
2018-10-18,0.7642
2018-10-19,0.7633
2018-10-22,0.7632
2018-10-23,0.7642
2018-10-24,0.7659
2018-10-25,0.7649
2018-10-26,0.7628
2018-10-29,0.7613
2018-10-30,0.7628
2018-10-31,0.7601
2018-11-01,0.7642
2018-11-02,0.7627
2018-11-05,0.7627
2018-11-06,0.7618
2018-11-07,0.7625
2018-11-08,0.7601
2018-11-09,0.7568
2018-11-12,0.7548
2018-11-13,0.7554
2018-11-14,0.7552
2018-11-15,0.7587
2018-11-16,0.7605
2018-11-19,0.7592
2018-11-20,0.7514
2018-11-21,0.7556
2018-11-22,0.7581
2018-11-23,0.7553
2018-11-26,0.7545
2018-11-27,0.752
2018-11-28,0.7534
2018-11-29,0.7527
2018-11-30,0.7519
2018-12-03,0.7576
2018-12-04,0.7538
2018-12-05,0.7487
2018-12-06,0.7473
2018-12-07,0.7506
2018-12-10,0.7464
2018-12-11,0.7467
2018-12-12,0.7489
2018-12-13,0.7488
2018-12-14,0.747
2018-12-17,0.7459
2018-12-18,0.7426
2018-12-19,0.7415
2018-12-20,0.7401
2018-12-21,0.7352
2018-12-24,0.7349
2018-12-25,0.7357
2018-12-26,0.7367
2018-12-27,0.7342
2018-12-28,0.7331
2018-12-31,0.7332
2019-01-01,0.7331
2019-01-02,0.7365
2019-01-03,0.7412
2019-01-04,0.7476
2019-01-07,0.7519
2019-01-08,0.7532
2019-01-09,0.7571
2019-01-10,0.7554
2019-01-11,0.7537
2019-01-14,0.7526
2019-01-15,0.7537
2019-01-16,0.7543
2019-01-17,0.7531
2019-01-18,0.7541
2019-01-21,0.7522
2019-01-22,0.7487
2019-01-23,0.7495
2019-01-24,0.749
2019-01-25,0.7564
2019-01-28,0.7541
2019-01-29,0.7535
2019-01-30,0.7604
2019-01-31,0.762
2019-02-01,0.7632
2019-02-04,0.7627
2019-02-05,0.7617
2019-02-06,0.7567
2019-02-07,0.7514
2019-02-08,0.753
2019-02-11,0.7516
2019-02-12,0.7553
2019-02-13,0.7543
2019-02-14,0.7522
2019-02-15,0.7549
2019-02-18,0.7552
2019-02-19,0.757
2019-02-20,0.7588
2019-02-21,0.7556
2019-02-22,0.7612
2019-02-25,0.758
2019-02-26,0.7592
2019-02-27,0.7598
2019-02-28,0.7593
2019-03-01,0.7521
2019-03-04,0.7515
2019-03-05,0.7491
2019-03-06,0.7438
2019-03-07,0.7431
2019-03-08,0.7453
2019-03-11,0.7465
2019-03-12,0.7487
2019-03-13,0.7513
2019-03-14,0.7498
2019-03-15,0.7499
2019-03-18,0.7499
2019-03-19,0.7506
2019-03-20,0.7515
2019-03-21,0.7484
2019-03-22,0.7445
2019-03-25,0.7459
2019-03-26,0.747
2019-03-27,0.7456
2019-03-28,0.7441
2019-03-29,0.7492
2019-04-01,0.7513
2019-04-02,0.7497
2019-04-03,0.7492
2019-04-04,0.7484
2019-04-05,0.747
2019-04-08,0.7509
2019-04-09,0.7502
2019-04-10,0.7505
2019-04-11,0.7469
2019-04-12,0.7505
2019-04-15,0.7482
2019-04-16,0.7489
2019-04-17,0.7494
2019-04-18,0.7475
2019-04-19,0.7466
2019-04-22,0.7492
2019-04-23,0.7449
2019-04-24,0.7411
2019-04-25,0.7415
2019-04-26,0.7431
2019-04-29,0.7429
2019-04-30,0.747
2019-05-01,0.7438
2019-05-02,0.742
2019-05-03,0.7451
2019-05-06,0.7435
2019-05-07,0.7421
2019-05-08,0.7418
2019-05-09,0.7418
2019-05-10,0.7455
2019-05-13,0.7419
2019-05-14,0.7428
2019-05-15,0.7442
2019-05-16,0.7428
2019-05-17,0.743
2019-05-20,0.7447
2019-05-21,0.7457
2019-05-22,0.7444
2019-05-23,0.7421
2019-05-24,0.744
2019-05-27,0.7438
2019-05-28,0.7411
2019-05-29,0.7395
2019-05-30,0.7406
2019-05-31,0.7399
2019-06-03,0.7442
2019-06-04,0.7466
2019-06-05,0.7453
2019-06-06,0.7483
2019-06-07,0.7536
2019-06-10,0.7536
2019-06-11,0.7528
2019-06-12,0.7493
2019-06-13,0.7503
2019-06-14,0.7454
2019-06-17,0.7455
2019-06-18,0.7474
2019-06-19,0.7529
2019-06-20,0.7581
2019-06-21,0.7561
2019-06-24,0.7587
2019-06-25,0.7594
2019-06-26,0.7617
2019-06-27,0.7636
2019-06-28,0.7637
2019-07-01,0.7613
2019-07-02,0.763
2019-07-03,0.7658
2019-07-04,0.766
2019-07-05,0.7644
2019-07-08,0.7636
2019-07-09,0.7617
2019-07-10,0.7643
2019-07-11,0.7647
2019-07-12,0.7673
2019-07-15,0.7662
2019-07-16,0.7639
2019-07-17,0.7662
2019-07-18,0.7675
2019-07-19,0.7655
2019-07-22,0.7621
2019-07-23,0.7613
2019-07-24,0.7607
2019-07-25,0.7596
2019-07-26,0.7595
2019-07-29,0.7596
2019-07-30,0.7605
2019-07-31,0.758
2019-08-01,0.7568
2019-08-02,0.7571
2019-08-05,0.7566
2019-08-06,0.7529
2019-08-07,0.7517
2019-08-08,0.756
2019-08-09,0.7559
2019-08-12,0.7552
2019-08-13,0.7561
2019-08-14,0.7507
2019-08-15,0.7512
2019-08-16,0.7534
2019-08-19,0.7504
2019-08-20,0.7509
2019-08-21,0.7523
2019-08-22,0.7515
2019-08-23,0.7527
2019-08-26,0.7543
2019-08-27,0.7528
2019-08-28,0.7514
2019-08-29,0.7526
2019-08-30,0.7511
2019-09-02,0.7502
2019-09-03,0.7498
2019-09-04,0.7561
2019-09-05,0.7559
2019-09-06,0.7591
2019-09-09,0.7593
2019-09-10,0.7603
2019-09-11,0.7579
2019-09-12,0.7568
2019-09-13,0.7526
2019-09-16,0.7553
2019-09-17,0.7549
2019-09-18,0.7526
2019-09-19,0.7539
2019-09-20,0.754
2019-09-23,0.7539
2019-09-24,0.7551
2019-09-25,0.7536
2019-09-26,0.7536
2019-09-27,0.7548
2019-09-30,0.7551
2019-10-01,0.7563
2019-10-02,0.7505
2019-10-03,0.7497
2019-10-04,0.751
2019-10-07,0.7513
2019-10-08,0.7504
2019-10-09,0.7499
2019-10-10,0.7522
2019-10-11,0.7576
2019-10-14,0.7556
2019-10-15,0.7575
2019-10-16,0.7573
2019-10-17,0.7611
2019-10-18,0.7617
2019-10-21,0.764
2019-10-22,0.7637
2019-10-23,0.7651
2019-10-24,0.765
2019-10-25,0.7657
2019-10-28,0.766
2019-10-29,0.764
2019-10-30,0.7599
2019-10-31,0.7597
2019-11-01,0.7611
2019-11-04,0.7603
2019-11-05,0.76
2019-11-06,0.7585
2019-11-07,0.759
2019-11-08,0.7559
2019-11-11,0.7557
2019-11-12,0.7556
2019-11-13,0.7545
2019-11-14,0.7547
2019-11-15,0.7561
2019-11-18,0.7572
2019-11-19,0.7536
2019-11-20,0.7517
2019-11-21,0.7527
2019-11-22,0.7518
2019-11-25,0.7518
2019-11-26,0.7534
2019-11-27,0.7529
2019-11-28,0.753
2019-11-29,0.7531
2019-12-02,0.7514
2019-12-03,0.752
2019-12-04,0.7574
2019-12-05,0.7589
2019-12-06,0.7542
2019-12-09,0.7552
2019-12-10,0.7559
2019-12-11,0.759
2019-12-12,0.7584
2019-12-13,0.7593
2019-12-16,0.7602
2019-12-17,0.7598
2019-12-18,0.7624
2019-12-19,0.7617
2019-12-20,0.7605
2019-12-23,0.7606
2019-12-24,0.7595
2019-12-25,0.7598
2019-12-26,0.7619
2019-12-27,0.7645
2019-12-30,0.7652
2019-12-31,0.77
2020-01-01,0.77
2020-01-02,0.7702
2020-01-03,0.7691
2020-01-06,0.7712
2020-01-07,0.7689
2020-01-08,0.7669
2020-01-09,0.766
2020-01-10,0.7661
2020-01-13,0.7659
2020-01-14,0.7655
2020-01-15,0.7667
2020-01-16,0.7666
2020-01-17,0.7655
2020-01-20,0.7663
2020-01-21,0.7651
2020-01-22,0.7612
2020-01-23,0.7618
2020-01-24,0.7607
2020-01-27,0.7578
2020-01-28,0.7601
2020-01-29,0.7576
2020-01-30,0.7571
2020-01-31,0.7555
2020-02-03,0.7526
2020-02-04,0.7533
2020-02-05,0.7529
2020-02-06,0.7527
2020-02-07,0.7512
2020-02-10,0.7509
2020-02-11,0.7526
2020-02-12,0.7547
2020-02-13,0.7537
2020-02-14,0.7545
2020-02-17,0.7555
2020-02-18,0.7541
2020-02-19,0.7563
2020-02-20,0.7541
2020-02-21,0.7559
2020-02-24,0.7521
2020-02-25,0.753
2020-02-26,0.75
2020-02-27,0.7467
2020-02-28,0.7462
2020-03-02,0.7505
2020-03-03,0.747
2020-03-04,0.7469
2020-03-05,0.7457
2020-03-06,0.7448
2020-03-09,0.7297
2020-03-10,0.7285
2020-03-11,0.7257
2020-03-12,0.7181
2020-03-13,0.7243
2020-03-16,0.7133
2020-03-17,0.7041
2020-03-18,0.6889
2020-03-19,0.6889
2020-03-20,0.696
2020-03-23,0.6897
2020-03-24,0.6914
2020-03-25,0.7045
2020-03-26,0.7133
2020-03-27,0.7152
2020-03-30,0.7057
2020-03-31,0.711
2020-04-01,0.7045
2020-04-02,0.7072
2020-04-03,0.704
2020-04-06,0.7086
2020-04-07,0.7144
2020-04-08,0.7134
2020-04-09,0.7155
2020-04-10,0.7165
2020-04-13,0.719
2020-04-14,0.7202
2020-04-15,0.7083
2020-04-16,0.7101
2020-04-17,0.7142
2020-04-20,0.7066
2020-04-21,0.7035
2020-04-22,0.706
2020-04-23,0.7105
2020-04-24,0.7089
2020-04-27,0.7126
2020-04-28,0.7144
2020-04-29,0.7203
2020-04-30,0.7169
2020-05-01,0.7098
2020-05-04,0.7099
2020-05-05,0.7118
2020-05-06,0.7068
2020-05-07,0.7156
2020-05-08,0.7179
2020-05-11,0.7141
2020-05-12,0.7102
2020-05-13,0.7091
2020-05-14,0.7117
2020-05-15,0.7086
2020-05-18,0.7174
2020-05-19,0.7171
2020-05-20,0.7192
2020-05-21,0.7165
2020-05-22,0.7142
2020-05-25,0.7149
2020-05-26,0.7256
2020-05-27,0.727
2020-05-28,0.7265
2020-05-29,0.7261
2020-06-01,0.7366
2020-06-02,0.7397
2020-06-03,0.7409
2020-06-04,0.7406
2020-06-05,0.7447
2020-06-08,0.747
2020-06-09,0.7452
2020-06-10,0.7454
2020-06-11,0.7337
2020-06-12,0.7359
2020-06-15,0.7368
2020-06-16,0.7382
2020-06-17,0.737
2020-06-18,0.7352
2020-06-19,0.7349
2020-06-22,0.7394
2020-06-23,0.738
2020-06-24,0.733
2020-06-25,0.7332
2020-06-26,0.7304
2020-06-29,0.732
2020-06-30,0.7364
2020-07-01,0.7359
2020-07-02,0.7371
2020-07-03,0.7381
2020-07-06,0.7386
2020-07-07,0.735
2020-07-08,0.74
2020-07-09,0.7359
2020-07-10,0.7355
2020-07-13,0.7347
2020-07-14,0.7344
2020-07-15,0.7402
2020-07-16,0.7367
2020-07-17,0.7364
2020-07-20,0.7387
2020-07-21,0.7429
2020-07-22,0.7452
2020-07-23,0.7455
2020-07-24,0.7454
2020-07-27,0.7484
2020-07-28,0.7473
2020-07-29,0.7494
2020-07-30,0.7448
2020-07-31,0.7453
2020-08-03,0.7467
2020-08-04,0.7507
2020-08-05,0.7537
2020-08-06,0.7514
2020-08-07,0.747
2020-08-10,0.7489
2020-08-11,0.7517
2020-08-12,0.7548
2020-08-13,0.7562
2020-08-14,0.7536
2020-08-17,0.7566
2020-08-18,0.7593
2020-08-19,0.7566
2020-08-20,0.7584
2020-08-21,0.7588
2020-08-24,0.7564
2020-08-25,0.759
2020-08-26,0.7609
2020-08-27,0.7618
2020-08-28,0.7633
2020-08-31,0.7664
2020-09-01,0.7653
2020-09-02,0.7665
2020-09-03,0.7617
2020-09-04,0.7656
2020-09-07,0.7634
2020-09-08,0.7554
2020-09-09,0.7607
2020-09-10,0.7579
2020-09-11,0.7588
2020-09-14,0.7588
2020-09-15,0.7583
2020-09-16,0.7588
2020-09-17,0.7595
2020-09-18,0.7572
2020-09-21,0.7513
2020-09-22,0.7518
2020-09-23,0.7469
2020-09-24,0.7482
2020-09-25,0.7469
2020-09-28,0.7476
2020-09-29,0.7468
2020-09-30,0.7508
2020-10-01,0.7524
2020-10-02,0.7512
2020-10-05,0.7536
2020-10-06,0.7512
2020-10-07,0.7543
2020-10-08,0.7576
2020-10-09,0.7621
2020-10-12,0.7625
2020-10-13,0.761
2020-10-14,0.7605
2020-10-15,0.7563
2020-10-16,0.7582
2020-10-19,0.7578
2020-10-20,0.7615
2020-10-21,0.7605
2020-10-22,0.7613
2020-10-23,0.7619
2020-10-26,0.7569
2020-10-27,0.7583
2020-10-28,0.7504
2020-10-29,0.7504
2020-10-30,0.7507
2020-11-02,0.7564
2020-11-03,0.7614
2020-11-04,0.7609
2020-11-05,0.7664
2020-11-06,0.7658
2020-11-09,0.7688
2020-11-10,0.7672
2020-11-11,0.7655
2020-11-12,0.7609
2020-11-13,0.7613
2020-11-16,0.7648
2020-11-17,0.763
2020-11-18,0.7642
2020-11-19,0.7648
2020-11-20,0.7634
2020-11-23,0.7645
2020-11-24,0.7692
2020-11-25,0.7691
2020-11-26,0.7682
2020-11-27,0.7696
2020-11-30,0.769
2020-12-01,0.773
2020-12-02,0.7741
2020-12-03,0.7773
2020-12-04,0.7822
2020-12-07,0.7813
2020-12-08,0.7801
2020-12-09,0.7802
2020-12-10,0.7849
2020-12-11,0.7829
2020-12-14,0.7835
2020-12-15,0.7873
2020-12-16,0.7844
2020-12-17,0.786
2020-12-18,0.782
2020-12-21,0.7777
2020-12-22,0.7747
2020-12-23,0.7783
2020-12-24,0.7766
2020-12-25,0.7769
2020-12-28,0.7783
2020-12-29,0.78
2020-12-30,0.7836
2020-12-31,0.7851
2021-01-01,0.7855
2021-01-04,0.7824
2021-01-05,0.7892
2021-01-06,0.7888
2021-01-07,0.788
2021-01-08,0.7882
2021-01-11,0.782
2021-01-12,0.7867
2021-01-13,0.7875
2021-01-14,0.7912
2021-01-15,0.7851
2021-01-18,0.7838
2021-01-19,0.7849
2021-01-20,0.7915
2021-01-21,0.7913
2021-01-22,0.785
2021-01-25,0.7848
2021-01-26,0.7876
2021-01-27,0.7811
2021-01-28,0.7793
2021-01-29,0.7824
2021-02-01,0.778
2021-02-02,0.7822
2021-02-03,0.782
2021-02-04,0.7794
2021-02-05,0.784
2021-02-08,0.7849
2021-02-09,0.7877
2021-02-10,0.7872
2021-02-11,0.787
2021-02-12,0.7875
2021-02-15,0.791
2021-02-16,0.7879
2021-02-17,0.787
2021-02-18,0.7886
2021-02-19,0.7928
2021-02-22,0.7926
2021-02-23,0.7943
2021-02-24,0.7991
2021-02-25,0.7935
2021-02-26,0.7847
2021-03-01,0.7906
2021-03-02,0.7915
2021-03-03,0.7901
2021-03-04,0.7893
2021-03-05,0.79
2021-03-08,0.7898
2021-03-09,0.7913
2021-03-10,0.7925
2021-03-11,0.7981
2021-03-12,0.8016
2021-03-15,0.8018
2021-03-16,0.8031
2021-03-17,0.8062
2021-03-18,0.8008
2021-03-19,0.7999
2021-03-22,0.7985
2021-03-23,0.7943
2021-03-24,0.795
2021-03-25,0.7928
2021-03-26,0.795
2021-03-29,0.7942
2021-03-30,0.7913
2021-03-31,0.7961
2021-04-01,0.7969
2021-04-02,0.7948
2021-04-05,0.7984
2021-04-06,0.7957
2021-04-07,0.793
2021-04-08,0.7959
2021-04-09,0.7978
2021-04-12,0.7959
2021-04-13,0.7976
2021-04-14,0.7985
2021-04-15,0.7971
2021-04-16,0.7995
2021-04-19,0.7976
2021-04-20,0.793
2021-04-21,0.8001
2021-04-22,0.7995
2021-04-23,0.8015
2021-04-26,0.8066
2021-04-27,0.8065
2021-04-28,0.812
2021-04-29,0.814
2021-04-30,0.8135
2021-05-03,0.8143
2021-05-04,0.8123
2021-05-05,0.8151
2021-05-06,0.8229
2021-05-07,0.8241
2021-05-10,0.8264
2021-05-11,0.826
2021-05-12,0.8241
2021-05-13,0.8221
2021-05-14,0.826
2021-05-17,0.8285
2021-05-18,0.8287
2021-05-19,0.8241
2021-05-20,0.829
2021-05-21,0.8284
2021-05-24,0.8304
2021-05-25,0.8287
2021-05-26,0.825
2021-05-27,0.8288
2021-05-28,0.8283
2021-05-31,0.8288
2021-06-01,0.8282
2021-06-02,0.8308
2021-06-03,0.826
2021-06-04,0.8274
2021-06-07,0.8276
2021-06-08,0.8255
2021-06-09,0.8256
2021-06-10,0.8266
2021-06-11,0.8224
2021-06-14,0.8233
2021-06-15,0.8205
2021-06-16,0.8143
2021-06-17,0.8087
2021-06-18,0.8022
2021-06-21,0.8089
2021-06-22,0.8123
2021-06-23,0.8126
2021-06-24,0.8113
2021-06-25,0.8131
2021-06-28,0.8104
2021-06-29,0.8063
2021-06-30,0.8066
2021-07-01,0.8039
2021-07-02,0.8115
2021-07-05,0.8102
2021-07-06,0.8022
2021-07-07,0.8012
2021-07-08,0.7977
2021-07-09,0.8032
2021-07-12,0.8029
2021-07-13,0.7992
2021-07-14,0.7995
2021-07-15,0.7939
2021-07-16,0.7928
2021-07-19,0.7842
2021-07-20,0.7886
2021-07-21,0.7964
2021-07-22,0.7957
2021-07-23,0.7959
2021-07-26,0.7972
2021-07-27,0.7934
2021-07-28,0.798
2021-07-29,0.8033
2021-07-30,0.8017
2021-08-02,0.7991
2021-08-03,0.7974
2021-08-04,0.7973
2021-08-05,0.7993
2021-08-06,0.7964
2021-08-09,0.795
2021-08-10,0.7985
2021-08-11,0.7996
2021-08-12,0.7981
2021-08-13,0.7989
2021-08-16,0.7952
2021-08-17,0.7915
2021-08-18,0.79
2021-08-19,0.7794
2021-08-20,0.7797
2021-08-23,0.7906
2021-08-24,0.7943
2021-08-25,0.7941
2021-08-26,0.7883
2021-08-27,0.7918
2021-08-30,0.7933
2021-08-31,0.7925
2021-09-01,0.7924
2021-09-02,0.7965
2021-09-03,0.7981
2021-09-06,0.7976
2021-09-07,0.7908
2021-09-08,0.7878
2021-09-09,0.7895
2021-09-10,0.7878
2021-09-13,0.7902
2021-09-14,0.7876
2021-09-15,0.7913
2021-09-16,0.7883
2021-09-17,0.7831
2021-09-20,0.7798
2021-09-21,0.7801
2021-09-22,0.7828
2021-09-23,0.79
2021-09-24,0.7901
2021-09-27,0.7918
2021-09-28,0.7881
2021-09-29,0.7838
2021-09-30,0.7885
2021-10-01,0.7905
2021-10-04,0.7942
2021-10-05,0.7946
2021-10-06,0.7942
2021-10-07,0.7968
2021-10-08,0.8017
2021-10-11,0.8011
2021-10-12,0.802
2021-10-13,0.8035
2021-10-14,0.8083
2021-10-15,0.8083
2021-10-18,0.8079
2021-10-19,0.8088
2021-10-20,0.8115
2021-10-21,0.8085
2021-10-22,0.8083
2021-10-25,0.8076
2021-10-26,0.8069
2021-10-27,0.8093
2021-10-28,0.8098
2021-10-29,0.807
2021-11-01,0.8083
2021-11-02,0.8056
2021-11-03,0.8069
2021-11-04,0.8028
2021-11-05,0.8027
2021-11-08,0.8035
2021-11-09,0.8039
2021-11-10,0.8004
2021-11-11,0.7948
2021-11-12,0.7971
2021-11-15,0.7988
2021-11-16,0.7959
2021-11-17,0.7928
2021-11-18,0.7933
2021-11-19,0.791
2021-11-22,0.7873
2021-11-23,0.7894
2021-11-24,0.7893
2021-11-25,0.7904
2021-11-26,0.7819
2021-11-29,0.7847
2021-11-30,0.7825
2021-12-01,0.78
2021-12-02,0.7805
2021-12-03,0.7785
2021-12-06,0.7838
2021-12-07,0.791
2021-12-08,0.7902
2021-12-09,0.7865
2021-12-10,0.7859
2021-12-13,0.7808
2021-12-14,0.7773
2021-12-15,0.7792
2021-12-16,0.7828
2021-12-17,0.7754
2021-12-20,0.7725
2021-12-21,0.7742
2021-12-22,0.779
2021-12-23,0.7805
2021-12-24,0.7803
2021-12-27,0.7819
2021-12-28,0.7797
2021-12-29,0.7817
2021-12-30,0.7847
2021-12-31,0.7913
2022-01-03,0.7846
2022-01-04,0.7868
2022-01-05,0.7838
2022-01-06,0.7853
2022-01-07,0.7906
2022-01-10,0.7885
2022-01-11,0.7952
2022-01-12,0.7993
2022-01-13,0.7986
2022-01-14,0.7964
2022-01-17,0.7985
2022-01-18,0.799
2022-01-19,0.7989
2022-01-20,0.7996
2022-01-21,0.7946
2022-01-24,0.7912
2022-01-25,0.7917
2022-01-26,0.7892
2022-01-27,0.7847
2022-01-28,0.7833
2022-01-31,0.7868
2022-02-01,0.788
2022-02-02,0.7892
2022-02-03,0.7886
2022-02-04,0.7832
2022-02-07,0.7894
2022-02-08,0.7865
2022-02-09,0.789
2022-02-10,0.7862
2022-02-11,0.7851
2022-02-14,0.7854
2022-02-15,0.7861
2022-02-16,0.7883
2022-02-17,0.7868
2022-02-18,0.7841
2022-02-21,0.7842
2022-02-22,0.783
2022-02-23,0.7852
2022-02-24,0.7804
2022-02-25,0.7868
2022-02-28,0.7887
2022-03-01,0.7847
2022-03-02,0.7916
2022-03-03,0.7885
2022-03-04,0.7853
2022-03-07,0.7798
2022-03-08,0.7762
2022-03-09,0.7806
2022-03-10,0.7829
2022-03-11,0.7846
2022-03-14,0.7796
2022-03-15,0.7833
2022-03-16,0.7888
2022-03-17,0.7918
2022-03-18,0.7933
2022-03-21,0.794
2022-03-22,0.7955
2022-03-23,0.796
2022-03-24,0.7982
2022-03-25,0.8014
2022-03-28,0.7987
2022-03-29,0.7997
2022-03-30,0.8008
2022-03-31,0.7998
2022-04-01,0.7986
2022-04-04,0.8006
2022-04-05,0.8006
2022-04-06,0.7973
2022-04-07,0.7941
2022-04-08,0.7954
2022-04-11,0.7914
2022-04-12,0.791
2022-04-13,0.7955
2022-04-14,0.7935
2022-04-15,0.7927
2022-04-18,0.7925
2022-04-19,0.7924
2022-04-20,0.8002
2022-04-21,0.7948
2022-04-22,0.7865
2022-04-25,0.7851
2022-04-26,0.7796
2022-04-27,0.78
2022-04-28,0.7806
2022-04-29,0.7776
2022-05-02,0.7763
2022-05-03,0.7785
2022-05-04,0.7852
2022-05-05,0.7791
2022-05-06,0.7747
2022-05-09,0.7686
2022-05-10,0.7676
2022-05-11,0.7694
2022-05-12,0.7664
2022-05-13,0.7744
2022-05-16,0.7786
2022-05-17,0.7805
2022-05-18,0.7757
2022-05-19,0.7795
2022-05-20,0.7787
2022-05-23,0.7832
2022-05-24,0.7801
2022-05-25,0.7803
2022-05-26,0.7827
2022-05-27,0.7857
2022-05-30,0.7901
2022-05-31,0.7906
2022-06-01,0.7899
2022-06-02,0.7954
2022-06-03,0.794
2022-06-06,0.795
2022-06-07,0.7978
2022-06-08,0.7961
2022-06-09,0.7874
2022-06-10,0.7822
2022-06-13,0.7752
2022-06-14,0.7723
2022-06-15,0.7757
2022-06-16,0.7721
2022-06-17,0.7675
2022-06-20,0.7702
2022-06-21,0.7738
2022-06-22,0.7723
2022-06-23,0.7693
2022-06-24,0.7754
2022-06-27,0.7763
2022-06-28,0.7766
2022-06-29,0.7755
2022-06-30,0.7768
2022-07-01,0.7762
2022-07-04,0.7774
2022-07-05,0.7669
2022-07-06,0.7669
2022-07-07,0.7711
2022-07-08,0.7721
2022-07-11,0.7686
2022-07-12,0.7678
2022-07-13,0.7707
2022-07-14,0.7621
2022-07-15,0.7672
2022-07-18,0.7703
2022-07-19,0.7769
2022-07-20,0.776
2022-07-21,0.777
2022-07-22,0.7741
2022-07-25,0.7781
2022-07-26,0.7759
2022-07-27,0.7795
2022-07-28,0.7808
2022-07-29,0.7816
2022-08-01,0.7785
2022-08-02,0.7761
2022-08-03,0.7786
2022-08-04,0.7772
2022-08-05,0.7732
2022-08-08,0.7779
2022-08-09,0.7757
2022-08-10,0.7827
2022-08-11,0.7833
2022-08-12,0.7828
2022-08-15,0.7748
2022-08-16,0.7783
2022-08-17,0.7742
2022-08-18,0.7721
2022-08-19,0.7694
2022-08-22,0.7656
2022-08-23,0.7718
2022-08-24,0.7711
2022-08-25,0.7737
2022-08-26,0.767
2022-08-29,0.7685
2022-08-30,0.7635
2022-08-31,0.7614
2022-09-01,0.76
2022-09-02,0.7613
2022-09-05,0.7607
2022-09-06,0.7602
2022-09-07,0.7621
2022-09-08,0.7638
2022-09-09,0.7675
2022-09-12,0.7695
2022-09-13,0.7592
2022-09-14,0.7594
2022-09-15,0.7559
2022-09-16,0.7539
2022-09-19,0.7545
2022-09-20,0.748
2022-09-21,0.7425
2022-09-22,0.7414
2022-09-23,0.7357
2022-09-26,0.728
2022-09-27,0.7287
2022-09-28,0.7348
2022-09-29,0.7309
2022-09-30,0.7231
2022-10-03,0.7338
2022-10-04,0.7399
2022-10-05,0.7343
2022-10-06,0.7272
2022-10-07,0.7277
2022-10-10,0.7256
2022-10-11,0.7246
2022-10-12,0.7237
2022-10-13,0.7271
2022-10-14,0.7202
2022-10-17,0.729
2022-10-18,0.7277
2022-10-19,0.7263
2022-10-20,0.7264
2022-10-21,0.733
2022-10-24,0.7297
2022-10-25,0.7348
2022-10-26,0.7377
2022-10-27,0.7371
2022-10-28,0.7351
2022-10-31,0.7339
2022-11-01,0.7336
2022-11-02,0.7293
2022-11-03,0.7275
2022-11-04,0.7419
2022-11-07,0.7407
2022-11-08,0.7448
2022-11-09,0.7393
2022-11-10,0.7506
2022-11-11,0.7543
2022-11-14,0.751
2022-11-15,0.7528
2022-11-16,0.7501
2022-11-17,0.7502
2022-11-18,0.7469
2022-11-21,0.7434
2022-11-22,0.7474
2022-11-23,0.7488
2022-11-24,0.7497
2022-11-25,0.7475
2022-11-28,0.7407
2022-11-29,0.7363
2022-11-30,0.7457
2022-12-01,0.7444
2022-12-02,0.7423
2022-12-05,0.7357
2022-12-06,0.7323
2022-12-07,0.7324
2022-12-08,0.7355
2022-12-09,0.7324
2022-12-12,0.7332
2022-12-13,0.7378
2022-12-14,0.7379
2022-12-15,0.732
2022-12-16,0.7297
2022-12-19,0.7329
2022-12-20,0.7346
2022-12-21,0.7346
2022-12-22,0.7325
2022-12-23,0.7352
2022-12-26,0.736
2022-12-27,0.7395
2022-12-28,0.7348
2022-12-29,0.738
2022-12-30,0.7378
2023-01-02,0.7366
2023-01-03,0.7314
2023-01-04,0.7418
2023-01-05,0.7368
2023-01-06,0.7437
2023-01-09,0.7469
2023-01-10,0.7448
2023-01-11,0.7448
2023-01-12,0.7482
2023-01-13,0.7463
2023-01-16,0.7458
2023-01-17,0.7467
2023-01-18,0.741
2023-01-19,0.7427
2023-01-20,0.7472
2023-01-23,0.7479
2023-01-24,0.7477
2023-01-25,0.7467
2023-01-26,0.7506
2023-01-27,0.7511
2023-01-30,0.7469
2023-01-31,0.7515
2023-02-01,0.7524
2023-02-02,0.751
2023-02-03,0.7462
2023-02-06,0.7435
2023-02-07,0.7463
2023-02-08,0.7435
2023-02-09,0.7432
2023-02-10,0.7494
2023-02-13,0.75
2023-02-14,0.7497
2023-02-15,0.7464
2023-02-16,0.7429
2023-02-17,0.7422
2023-02-20,0.7432
2023-02-21,0.7383
2023-02-22,0.7378
2023-02-23,0.738
2023-02-24,0.7345
2023-02-27,0.7364
2023-02-28,0.7327
2023-03-01,0.7355
2023-03-02,0.7354
2023-03-03,0.7355
2023-03-06,0.7344
2023-03-07,0.7269
2023-03-08,0.7244
2023-03-09,0.723
2023-03-10,0.723
2023-03-13,0.7284
2023-03-14,0.7306
2023-03-15,0.7263
2023-03-16,0.7288
2023-03-17,0.7282
2023-03-20,0.7317
2023-03-21,0.7292
2023-03-22,0.7283
2023-03-23,0.729
2023-03-24,0.7274
2023-03-27,0.732
2023-03-28,0.7352
2023-03-29,0.7375
2023-03-30,0.7393
2023-03-31,0.7398
2023-04-03,0.7441
2023-04-04,0.7439
2023-04-05,0.743
2023-04-06,0.7411
2023-04-07,0.7401
2023-04-10,0.74
2023-04-11,0.7424
2023-04-12,0.7439
2023-04-13,0.7497
2023-04-14,0.7482
2023-04-17,0.7465
2023-04-18,0.7467
2023-04-19,0.7428
2023-04-20,0.7418
2023-04-21,0.7384
2023-04-24,0.7384
2023-04-25,0.7337
2023-04-26,0.7332
2023-04-27,0.7356
2023-04-28,0.7378
2023-05-01,0.7382
2023-05-02,0.7338
2023-05-03,0.7344
2023-05-04,0.7385
2023-05-05,0.7476
2023-05-08,0.7476
2023-05-09,0.7468
2023-05-10,0.7477
2023-05-11,0.7411
2023-05-12,0.7379
2023-05-15,0.7424
2023-05-16,0.7415
2023-05-17,0.7432
2023-05-18,0.7405
2023-05-19,0.7406
2023-05-22,0.7403
2023-05-23,0.7405
2023-05-24,0.7354
2023-05-25,0.7331
2023-05-26,0.7344
2023-05-29,0.7358
2023-05-30,0.735
2023-05-31,0.7366
2023-06-01,0.7433
2023-06-02,0.7448
2023-06-05,0.7437
2023-06-06,0.7459
2023-06-07,0.7477
2023-06-08,0.7488
2023-06-09,0.7493
2023-06-12,0.748
2023-06-13,0.7508
2023-06-14,0.7504
2023-06-15,0.7561
2023-06-16,0.7576
2023-06-19,0.7569
2023-06-20,0.7555
2023-06-21,0.7595
2023-06-22,0.7603
2023-06-23,0.7584
2023-06-26,0.7601
2023-06-27,0.7579
2023-06-28,0.7541
2023-06-29,0.7544
2023-06-30,0.7553
2023-07-03,0.7545
2023-07-04,0.7561
2023-07-05,0.7528
2023-07-06,0.748
2023-07-07,0.7533
2023-07-10,0.753
2023-07-11,0.7557
2023-07-12,0.7582
2023-07-13,0.7627
2023-07-14,0.7566
2023-07-17,0.7575
2023-07-18,0.7592
2023-07-19,0.7595
2023-07-20,0.759
2023-07-21,0.7561
2023-07-24,0.7593
2023-07-25,0.7592
2023-07-26,0.7569
2023-07-27,0.7561
2023-07-28,0.7544
2023-07-31,0.7582
2023-08-01,0.7528
2023-08-02,0.749
2023-08-03,0.7485
2023-08-04,0.7477
2023-08-07,0.7479
2023-08-08,0.7451
2023-08-09,0.7451
2023-08-10,0.7435
2023-08-11,0.7439
2023-08-14,0.7427
2023-08-15,0.7407
2023-08-16,0.7388
2023-08-17,0.7382
2023-08-18,0.738
2023-08-21,0.7382
2023-08-22,0.738
2023-08-23,0.7393
2023-08-24,0.7362
2023-08-25,0.7349
2023-08-28,0.7353
2023-08-29,0.7377
2023-08-30,0.7388
2023-08-31,0.7401
2023-09-01,0.7354
2023-09-04,0.7356
2023-09-05,0.7329
2023-09-06,0.7332
2023-09-07,0.7307
2023-09-08,0.733
2023-09-11,0.7366
2023-09-12,0.7376
2023-09-13,0.7379
2023-09-14,0.7402
2023-09-15,0.7395
2023-09-18,0.7413
2023-09-19,0.7435
2023-09-20,0.7427
2023-09-21,0.7416
2023-09-22,0.7415
2023-09-25,0.7432
2023-09-26,0.7397
2023-09-27,0.7407
2023-09-28,0.7413
2023-09-29,0.7365
2023-10-02,0.7312
2023-10-03,0.7294
2023-10-04,0.7275
2023-10-05,0.7295
2023-10-06,0.7318
2023-10-09,0.7357
2023-10-10,0.7361
2023-10-11,0.7355
2023-10-12,0.7303
2023-10-13,0.732
2023-10-16,0.7347
2023-10-17,0.7326
2023-10-18,0.729
2023-10-19,0.7288
2023-10-20,0.729
2023-10-23,0.7303
2023-10-24,0.7277
2023-10-25,0.7248
2023-10-26,0.723
2023-10-27,0.7208
2023-10-30,0.7232
2023-10-31,0.7207
2023-11-01,0.7216
2023-11-02,0.7277
2023-11-03,0.7321
2023-11-06,0.7299
2023-11-07,0.7263
2023-11-08,0.725
2023-11-09,0.7242
2023-11-10,0.7245
2023-11-13,0.7243
2023-11-14,0.7302
2023-11-15,0.7308
2023-11-16,0.7268
2023-11-17,0.7288
2023-11-20,0.7284
2023-11-21,0.7298
2023-11-22,0.7305
2023-11-23,0.73
2023-11-24,0.7332
2023-11-27,0.7343
2023-11-28,0.7366
2023-11-29,0.7358
2023-11-30,0.7374
2023-12-01,0.7408
2023-12-04,0.7387
2023-12-05,0.7356
2023-12-06,0.7356
2023-12-07,0.7353
2023-12-08,0.7358
2023-12-11,0.7366
2023-12-12,0.7357
2023-12-13,0.7396
2023-12-14,0.7458
2023-12-15,0.7473
2023-12-18,0.7462
2023-12-19,0.7499
2023-12-20,0.7478
2023-12-21,0.7528
2023-12-22,0.7532
2023-12-25,0.7546
2023-12-26,0.7578
2023-12-27,0.7569
2023-12-28,0.7557
2023-12-29,0.7547
2024-01-01,0.7553
2024-01-02,0.7505
2024-01-03,0.7488
2024-01-04,0.749
2024-01-05,0.7482
2024-01-08,0.7491
2024-01-09,0.7467
2024-01-10,0.7473
2024-01-11,0.7465
2024-01-12,0.7455
2024-01-15,0.7447
2024-01-16,0.7408
2024-01-17,0.7404
2024-01-18,0.7414
2024-01-19,0.7445
2024-01-22,0.7419
2024-01-23,0.7427
2024-01-24,0.7393
2024-01-25,0.7421
2024-01-26,0.7433
2024-01-29,0.7453
2024-01-30,0.7463
2024-01-31,0.7443
2024-02-01,0.7469
2024-02-02,0.7427
2024-02-05,0.7384
2024-02-06,0.7411
2024-02-07,0.7427
2024-02-08,0.7428
2024-02-09,0.7429
2024-02-12,0.7433
2024-02-13,0.7371
2024-02-14,0.7383
2024-02-15,0.7426
2024-02-16,0.7415
2024-02-19,0.7412
2024-02-20,0.7393
2024-02-21,0.7404
2024-02-22,0.7417
2024-02-23,0.7404
2024-02-26,0.7402
2024-02-27,0.7392
2024-02-28,0.7364
2024-02-29,0.7363
2024-03-01,0.7374
2024-03-04,0.7367
2024-03-05,0.7355
2024-03-06,0.74
2024-03-07,0.7429
2024-03-08,0.7417
2024-03-11,0.7416
2024-03-12,0.7412
2024-03-13,0.7424
2024-03-14,0.7389
2024-03-15,0.7384
2024-03-18,0.7388
2024-03-19,0.7371
2024-03-20,0.7411
2024-03-21,0.7389
2024-03-22,0.7348
2024-03-25,0.7359
2024-03-26,0.7361
2024-03-27,0.737
2024-03-28,0.7384
2024-03-29,0.7384
2024-04-01,0.7368
2024-04-02,0.737
2024-04-03,0.7391
2024-04-04,0.7383
2024-04-05,0.7358
2024-04-08,0.7368
2024-04-09,0.7369
2024-04-10,0.7308
2024-04-11,0.7305
2024-04-12,0.7258
2024-04-15,0.7252
2024-04-16,0.723
2024-04-17,0.726
2024-04-18,0.7263
2024-04-19,0.7268
2024-04-22,0.7298
2024-04-23,0.7318
2024-04-24,0.7296
2024-04-25,0.7322
2024-04-26,0.7314
2024-04-29,0.7319
2024-04-30,0.7257
2024-05-01,0.7277
2024-05-02,0.7313
2024-05-03,0.7306
2024-05-06,0.7316
2024-05-07,0.7284
2024-05-08,0.7288
2024-05-09,0.731
2024-05-10,0.7313
2024-05-13,0.7316
2024-05-14,0.7325
2024-05-15,0.735
2024-05-16,0.7343
2024-05-17,0.7346
2024-05-20,0.7338
2024-05-21,0.7323
2024-05-22,0.7301
2024-05-23,0.7282
2024-05-24,0.7316
2024-05-27,0.7334
2024-05-28,0.7327
2024-05-29,0.7289
2024-05-30,0.7309
2024-05-31,0.7337
2024-06-03,0.7336
2024-06-04,0.7309
2024-06-05,0.7301
2024-06-06,0.7314
2024-06-07,0.7264
2024-06-10,0.7266
2024-06-11,0.7267
2024-06-12,0.7285
2024-06-13,0.7276
2024-06-14,0.728
2024-06-17,0.7285
2024-06-18,0.7289
2024-06-19,0.7294
2024-06-20,0.7304
2024-06-21,0.73
2024-06-24,0.7321
2024-06-25,0.7321
2024-06-26,0.7298
2024-06-27,0.7298
2024-06-28,0.7309
2024-07-01,0.728
2024-07-02,0.7309
2024-07-03,0.7331
2024-07-04,0.7344
2024-07-05,0.733
2024-07-08,0.7333
2024-07-09,0.7332
2024-07-10,0.7341
2024-07-11,0.7335
2024-07-12,0.7335
2024-07-15,0.7308
2024-07-16,0.7313
2024-07-17,0.7307
2024-07-18,0.7294
2024-07-19,0.728
2024-07-22,0.7268
2024-07-23,0.7253
2024-07-24,0.7241
2024-07-25,0.7233
2024-07-26,0.7225
2024-07-29,0.7218
2024-07-30,0.7219
2024-07-31,0.7242
2024-08-01,0.7207
2024-08-02,0.7208
2024-08-05,0.7233
2024-08-06,0.7254
2024-08-07,0.7268
2024-08-08,0.7281
2024-08-09,0.7282
2024-08-12,0.7276
2024-08-13,0.7296
2024-08-14,0.7289
2024-08-15,0.7283
2024-08-16,0.7308
2024-08-19,0.7334
2024-08-20,0.734
2024-08-21,0.7355
2024-08-22,0.7344
2024-08-23,0.7402
2024-08-26,0.7414
2024-08-27,0.7437
2024-08-28,0.7418
2024-08-29,0.7416
2024-08-30,0.741
2024-09-02,0.741
2024-09-03,0.7379
2024-09-04,0.7404
2024-09-05,0.7405
2024-09-06,0.7365
2024-09-09,0.7375
2024-09-10,0.7346
2024-09-11,0.7365
2024-09-12,0.7363
2024-09-13,0.7361
2024-09-16,0.7359
2024-09-17,0.7354
2024-09-18,0.735
2024-09-19,0.7375
2024-09-20,0.7369
2024-09-23,0.7384
2024-09-24,0.7445
2024-09-25,0.7414
2024-09-26,0.7427
2024-09-27,0.7397
2024-09-30,0.7393
2024-10-01,0.7412
2024-10-02,0.7406
2024-10-03,0.7377
2024-10-04,0.7365
2024-10-07,0.7342
2024-10-08,0.7327
2024-10-09,0.7293
2024-10-10,0.7277
2024-10-11,0.7266
2024-10-14,0.7248
2024-10-15,0.7259
2024-10-16,0.7271
2024-10-17,0.7248
2024-10-18,0.7245
2024-10-21,0.723
2024-10-22,0.7236
2024-10-23,0.7227
2024-10-24,0.7217
2024-10-25,0.7198
2024-10-28,0.7199
2024-10-29,0.7186
2024-10-30,0.7192
2024-10-31,0.7177
2024-11-01,0.7165
2024-11-04,0.7193
2024-11-05,0.7232
2024-11-06,0.7174
2024-11-07,0.7214
2024-11-08,0.7189
2024-11-11,0.7181
2024-11-12,0.7171
2024-11-13,0.7144
2024-11-14,0.7112
2024-11-15,0.7096
2024-11-18,0.7135
2024-11-19,0.7163
2024-11-20,0.7154
2024-11-21,0.7155
2024-11-22,0.7153
2024-11-25,0.7149
2024-11-26,0.7114
2024-11-27,0.7127
2024-11-28,0.7136
2024-11-29,0.7141
2024-12-02,0.7117
2024-12-03,0.7107
2024-12-04,0.7105
2024-12-05,0.7128
2024-12-06,0.7061
2024-12-09,0.7056
2024-12-10,0.705
2024-12-11,0.7062
2024-12-12,0.7032
2024-12-13,0.7025
2024-12-16,0.7021
2024-12-17,0.6988
2024-12-18,0.6921
2024-12-19,0.6945
2024-12-20,0.6957
2024-12-23,0.6957
2024-12-24,0.6961
2024-12-25,0.6961
2024-12-26,0.6941
2024-12-27,0.6939
2024-12-30,0.6965
2024-12-31,0.6952
2025-01-01,0.6951
2025-01-02,0.6943
2025-01-03,0.6921
2025-01-06,0.6977
2025-01-07,0.6958
2025-01-08,0.6955
2025-01-09,0.6947
2025-01-10,0.6933
2025-01-13,0.6954
2025-01-14,0.6968
2025-01-15,0.6972
2025-01-16,0.6946
2025-01-17,0.6906
2025-01-20,0.6988
2025-01-21,0.6981
2025-01-22,0.6955
2025-01-23,0.6952
2025-01-24,0.697
2025-01-27,0.6957
2025-01-28,0.6943
2025-01-29,0.6934
2025-01-30,0.69
2025-01-31,0.6882
2025-02-03,0.693
2025-02-04,0.6981
2025-02-05,0.6987
2025-02-06,0.6989
2025-02-07,0.6995
2025-02-10,0.6985
2025-02-11,0.6998
2025-02-12,0.6989
2025-02-13,0.7046
2025-02-14,0.7048
2025-02-17,0.7049
2025-02-18,0.7042
2025-02-19,0.7024
2025-02-20,0.7053
2025-02-21,0.703
2025-02-24,0.7012
2025-02-25,0.6985
2025-02-26,0.6974
2025-02-27,0.6926
2025-02-28,0.6913
2025-03-03,0.6904
2025-03-04,0.6947
2025-03-05,0.6972
2025-03-06,0.6994
2025-03-07,0.6953
2025-03-10,0.6925
2025-03-11,0.6926
2025-03-12,0.6959
2025-03-13,0.6923
2025-03-14,0.6959
2025-03-17,0.6997
2025-03-18,0.6992
2025-03-19,0.6979
2025-03-20,0.6979
2025-03-21,0.6969
2025-03-24,0.6982
2025-03-25,0.7002
2025-03-26,0.7008
2025-03-27,0.699
2025-03-28,0.6983
2025-03-31,0.695
2025-04-01,0.6992
2025-04-02,0.7026
2025-04-03,0.7092
2025-04-04,0.7031
2025-04-07,0.7017
2025-04-08,0.7009
2025-04-09,0.71
2025-04-10,0.7151
2025-04-11,0.7212
2025-04-14,0.7205
2025-04-15,0.7165
2025-04-16,0.7214
2025-04-17,0.7226
2025-04-18,0.7221
2025-04-21,0.7223
2025-04-22,0.7238
2025-04-23,0.7204
2025-04-24,0.722
2025-04-25,0.7217
2025-04-28,0.7231
2025-04-29,0.7229
2025-04-30,0.7247
2025-05-01,0.7218
2025-05-02,0.7236
2025-05-05,0.7233
2025-05-06,0.7258
2025-05-07,0.7226
2025-05-08,0.7181
2025-05-09,0.7175
2025-05-12,0.7156
2025-05-13,0.7177
