Date,EURUSD
2018-01-01,1.2008
2018-01-02,1.2057
2018-01-03,1.2012
2018-01-04,1.2067
2018-01-05,1.2028
2018-01-08,1.1965
2018-01-09,1.1935
2018-01-10,1.1945
2018-01-11,1.2031
2018-01-12,1.2185
2018-01-15,1.2261
2018-01-16,1.2259
2018-01-17,1.2184
2018-01-18,1.2237
2018-01-19,1.222
2018-01-22,1.226
2018-01-23,1.2297
2018-01-24,1.2406
2018-01-25,1.2395
2018-01-26,1.2419
2018-01-29,1.2381
2018-01-30,1.24
2018-01-31,1.242
2018-02-01,1.2508
2018-02-02,1.246
2018-02-05,1.2367
2018-02-06,1.2376
2018-02-07,1.2262
2018-02-08,1.2245
2018-02-09,1.2233
2018-02-12,1.2291
2018-02-13,1.235
2018-02-14,1.2448
2018-02-15,1.2505
2018-02-16,1.2404
2018-02-19,1.2407
2018-02-20,1.2336
2018-02-21,1.2282
2018-02-22,1.2329
2018-02-23,1.2293
2018-02-26,1.2316
2018-02-27,1.2231
2018-02-28,1.2193
2018-03-01,1.2267
2018-03-02,1.2317
2018-03-05,1.2335
2018-03-06,1.2402
2018-03-07,1.2412
2018-03-08,1.231
2018-03-09,1.2305
2018-03-12,1.2332
2018-03-13,1.2389
2018-03-14,1.2365
2018-03-15,1.2304
2018-03-16,1.2287
2018-03-19,1.2333
2018-03-20,1.224
2018-03-21,1.2336
2018-03-22,1.23
2018-03-23,1.2351
2018-03-26,1.2442
2018-03-27,1.2401
2018-03-28,1.2307
2018-03-29,1.2301
2018-03-30,1.2321
2018-04-02,1.23
2018-04-03,1.2269
2018-04-04,1.2277
2018-04-05,1.2238
2018-04-06,1.2281
2018-04-09,1.2319
2018-04-10,1.2354
2018-04-11,1.2365
2018-04-12,1.2325
2018-04-13,1.2329
2018-04-16,1.2378
2018-04-17,1.237
2018-04-18,1.2372
2018-04-19,1.2344
2018-04-20,1.2286
2018-04-23,1.2207
2018-04-24,1.223
2018-04-25,1.2159
2018-04-26,1.2101
2018-04-27,1.2128
2018-04-30,1.2077
2018-05-01,1.1993
2018-05-02,1.195
2018-05-03,1.1987
2018-05-04,1.1958
2018-05-07,1.192
2018-05-08,1.1862
2018-05-09,1.185
2018-05-10,1.1913
2018-05-11,1.1942
2018-05-14,1.1925
2018-05-15,1.1837
2018-05-16,1.1807
2018-05-17,1.1793
2018-05-18,1.1775
2018-05-21,1.179
2018-05-22,1.1778
2018-05-23,1.1696
2018-05-24,1.1719
2018-05-25,1.165
2018-05-28,1.1622
2018-05-29,1.1538
2018-05-30,1.1661
2018-05-31,1.169
2018-06-01,1.166
2018-06-04,1.1698
2018-06-05,1.1717
2018-06-06,1.1773
2018-06-07,1.1797
2018-06-08,1.1766
2018-06-11,1.1782
2018-06-12,1.1743
2018-06-13,1.1789
2018-06-14,1.1567
2018-06-15,1.1607
2018-06-18,1.1622
2018-06-19,1.1588
2018-06-20,1.157
2018-06-21,1.1601
2018-06-22,1.1655
2018-06-25,1.1702
2018-06-26,1.1645
2018-06-27,1.1552
2018-06-28,1.1567
2018-06-29,1.1683
2018-07-02,1.1639
2018-07-03,1.1655
2018-07-04,1.1654
2018-07-05,1.1689
2018-07-06,1.1745
2018-07-09,1.1749
2018-07-10,1.1742
2018-07-11,1.1672
2018-07-12,1.1671
2018-07-13,1.1685
2018-07-16,1.1709
2018-07-17,1.1659
2018-07-18,1.1638
2018-07-19,1.1641
2018-07-20,1.1718
2018-07-23,1.169
2018-07-24,1.1684
2018-07-25,1.1728
2018-07-26,1.1641
2018-07-27,1.1656
2018-07-30,1.1704
2018-07-31,1.1691
2018-08-01,1.1658
2018-08-02,1.1582
2018-08-03,1.1567
2018-08-06,1.1553
2018-08-07,1.1597
2018-08-08,1.161
2018-08-09,1.1526
2018-08-10,1.141
2018-08-13,1.1408
2018-08-14,1.1342
2018-08-15,1.1343
2018-08-16,1.1375
2018-08-17,1.1437
2018-08-20,1.1479
2018-08-21,1.1569
2018-08-22,1.1596
2018-08-23,1.1537
2018-08-24,1.1621
2018-08-27,1.1677
2018-08-28,1.1693
2018-08-29,1.1706
2018-08-30,1.167
2018-08-31,1.1599
2018-09-03,1.1623
2018-09-04,1.1581
2018-09-05,1.1629
2018-09-06,1.1621
2018-09-07,1.1551
2018-09-10,1.1592
2018-09-11,1.1605
2018-09-12,1.1624
2018-09-13,1.1688
2018-09-14,1.1628
2018-09-17,1.1683
2018-09-18,1.1665
2018-09-19,1.1672
2018-09-20,1.1775
2018-09-21,1.1749
2018-09-24,1.1746
2018-09-25,1.1771
2018-09-26,1.1738
2018-09-27,1.1639
2018-09-28,1.1608
2018-10-01,1.1576
2018-10-02,1.1546
2018-10-03,1.1476
2018-10-04,1.1513
2018-10-05,1.1523
2018-10-08,1.149
2018-10-09,1.1489
2018-10-10,1.1518
2018-10-11,1.1593
2018-10-12,1.1562
2018-10-15,1.1577
2018-10-16,1.1573
2018-10-17,1.1499
2018-10-18,1.1452
2018-10-19,1.1513
2018-10-22,1.1463
2018-10-23,1.1469
2018-10-24,1.1391
2018-10-25,1.1374
2018-10-26,1.1401
2018-10-29,1.1371
2018-10-30,1.1344
2018-10-31,1.131
2018-11-01,1.1407
2018-11-02,1.1385
2018-11-05,1.1406
2018-11-06,1.1426
2018-11-07,1.1424
2018-11-08,1.1362
2018-11-09,1.1334
2018-11-12,1.1217
2018-11-13,1.1289
2018-11-14,1.1308
2018-11-15,1.1326
2018-11-16,1.1418
2018-11-19,1.1451
2018-11-20,1.137
2018-11-21,1.1383
2018-11-22,1.1407
2018-11-23,1.134
2018-11-26,1.1326
2018-11-27,1.1288
2018-11-28,1.1366
2018-11-29,1.1391
2018-11-30,1.1315
2018-12-03,1.1352
2018-12-04,1.1344
2018-12-05,1.1344
2018-12-06,1.1374
2018-12-07,1.1376
2018-12-10,1.1355
2018-12-11,1.1314
2018-12-12,1.1368
2018-12-13,1.1361
2018-12-14,1.1307
2018-12-17,1.1346
2018-12-18,1.1361
2018-12-19,1.1375
2018-12-20,1.1444
2018-12-21,1.1367
2018-12-24,1.1399
2018-12-25,1.1361
2018-12-26,1.1351
2018-12-27,1.1429
2018-12-28,1.1436
2018-12-31,1.1469
2019-01-01,1.1462
2019-01-02,1.1342
2019-01-03,1.1392
2019-01-04,1.1393
2019-01-07,1.1474
2019-01-08,1.144
2019-01-09,1.1541
2019-01-10,1.1498
2019-01-11,1.1467
2019-01-14,1.1474
2019-01-15,1.1414
2019-01-16,1.1397
2019-01-17,1.1395
2019-01-18,1.1361
2019-01-21,1.1364
2019-01-22,1.1358
2019-01-23,1.138
2019-01-24,1.1305
2019-01-25,1.1412
2019-01-28,1.1433
2019-01-29,1.143
2019-01-30,1.1477
2019-01-31,1.1444
2019-02-01,1.1454
2019-02-04,1.1435
2019-02-05,1.1412
2019-02-06,1.136
2019-02-07,1.134
2019-02-08,1.1328
2019-02-11,1.1275
2019-02-12,1.1324
2019-02-13,1.1265
2019-02-14,1.1299
2019-02-15,1.1293
2019-02-18,1.1308
2019-02-19,1.134
2019-02-20,1.1335
2019-02-21,1.1334
2019-02-22,1.1341
2019-02-25,1.1358
2019-02-26,1.1385
2019-02-27,1.1369
2019-02-28,1.137
2019-03-01,1.1374
2019-03-04,1.1337
2019-03-05,1.1306
2019-03-06,1.1305
2019-03-07,1.1192
2019-03-08,1.1238
2019-03-11,1.1247
2019-03-12,1.1286
2019-03-13,1.1325
2019-03-14,1.1302
2019-03-15,1.1325
2019-03-18,1.1336
2019-03-19,1.1349
2019-03-20,1.1411
2019-03-21,1.1373
2019-03-22,1.1313
2019-03-25,1.1311
2019-03-26,1.1264
2019-03-27,1.1247
2019-03-28,1.122
2019-03-29,1.1217
2019-04-01,1.1212
2019-04-02,1.1202
2019-04-03,1.1234
2019-04-04,1.122
2019-04-05,1.1214
2019-04-08,1.1259
2019-04-09,1.1261
2019-04-10,1.1273
2019-04-11,1.125
2019-04-12,1.13
2019-04-15,1.1307
2019-04-16,1.128
2019-04-17,1.1294
2019-04-18,1.1229
2019-04-19,1.1246
2019-04-22,1.1255
2019-04-23,1.1225
2019-04-24,1.1152
2019-04-25,1.113
2019-04-26,1.1148
2019-04-29,1.1185
2019-04-30,1.1215
2019-05-01,1.1194
2019-05-02,1.1176
2019-05-03,1.12
2019-05-06,1.1197
2019-05-07,1.119
2019-05-08,1.1191
2019-05-09,1.122
2019-05-10,1.1233
2019-05-13,1.1223
2019-05-14,1.1203
2019-05-15,1.12
2019-05-16,1.1172
2019-05-17,1.1156
2019-05-20,1.117
2019-05-21,1.1158
2019-05-22,1.1152
2019-05-23,1.118
2019-05-24,1.1202
2019-05-27,1.1196
2019-05-28,1.116
2019-05-29,1.1129
2019-05-30,1.113
2019-05-31,1.1167
2019-06-03,1.124
2019-06-04,1.1251
2019-06-05,1.1219
2019-06-06,1.1274
2019-06-07,1.1331
2019-06-10,1.1312
2019-06-11,1.1329
2019-06-12,1.1287
2019-06-13,1.1275
2019-06-14,1.1207
2019-06-17,1.1217
2019-06-18,1.1191
2019-06-19,1.1224
2019-06-20,1.1291
2019-06-21,1.1366
2019-06-24,1.1396
2019-06-25,1.1365
2019-06-26,1.1368
2019-06-27,1.1368
2019-06-28,1.1368
2019-07-01,1.1285
2019-07-02,1.1283
2019-07-03,1.1277
2019-07-04,1.1284
2019-07-05,1.1224
2019-07-08,1.1214
2019-07-09,1.1206
2019-07-10,1.1249
2019-07-11,1.1252
2019-07-12,1.1269
2019-07-15,1.1257
2019-07-16,1.1209
2019-07-17,1.1223
2019-07-18,1.1275
2019-07-19,1.122
2019-07-22,1.1208
2019-07-23,1.1151
2019-07-24,1.1139
2019-07-25,1.1145
2019-07-26,1.1125
2019-07-29,1.1144
2019-07-30,1.1153
2019-07-31,1.1074
2019-08-01,1.1083
2019-08-02,1.1107
2019-08-05,1.1202
2019-08-06,1.1198
2019-08-07,1.1197
2019-08-08,1.1178
2019-08-09,1.1198
2019-08-12,1.1212
2019-08-13,1.1169
2019-08-14,1.1138
2019-08-15,1.1106
2019-08-16,1.1089
2019-08-19,1.1076
2019-08-20,1.1099
2019-08-21,1.1083
2019-08-22,1.1078
2019-08-23,1.1144
2019-08-26,1.11
2019-08-27,1.109
2019-08-28,1.1077
2019-08-29,1.1055
2019-08-30,1.0989
2019-09-02,1.0966
2019-09-03,1.0972
2019-09-04,1.1033
2019-09-05,1.1033
2019-09-06,1.1027
2019-09-09,1.1046
2019-09-10,1.1043
2019-09-11,1.1009
2019-09-12,1.1061
2019-09-13,1.1073
2019-09-16,1.1
2019-09-17,1.1071
2019-09-18,1.1029
2019-09-19,1.104
2019-09-20,1.1017
2019-09-23,1.0991
2019-09-24,1.1018
2019-09-25,1.0941
2019-09-26,1.0921
2019-09-27,1.0938
2019-09-30,1.0898
2019-10-01,1.093
2019-10-02,1.0958
2019-10-03,1.0964
2019-10-04,1.0976
2019-10-07,1.097
2019-10-08,1.0954
2019-10-09,1.0969
2019-10-10,1.1004
2019-10-11,1.104
2019-10-14,1.1028
2019-10-15,1.1031
2019-10-16,1.107
2019-10-17,1.1122
2019-10-18,1.1169
2019-10-21,1.1148
2019-10-22,1.1124
2019-10-23,1.1129
2019-10-24,1.1104
2019-10-25,1.1078
2019-10-28,1.1098
2019-10-29,1.111
2019-10-30,1.1148
2019-10-31,1.115
2019-11-01,1.1165
2019-11-04,1.1126
2019-11-05,1.1074
2019-11-06,1.1065
2019-11-07,1.1049
2019-11-08,1.1016
2019-11-11,1.1032
2019-11-12,1.1007
2019-11-13,1.1006
2019-11-14,1.1021
2019-11-15,1.105
2019-11-18,1.107
2019-11-19,1.1078
2019-11-20,1.1072
2019-11-21,1.1057
2019-11-22,1.1022
2019-11-25,1.1013
2019-11-26,1.1018
2019-11-27,1.0998
2019-11-28,1.1007
2019-11-29,1.1015
2019-12-02,1.1077
2019-12-03,1.1081
2019-12-04,1.1076
2019-12-05,1.1102
2019-12-06,1.1057
2019-12-09,1.1062
2019-12-10,1.1092
2019-12-11,1.1128
2019-12-12,1.1128
2019-12-13,1.1119
2019-12-16,1.1142
2019-12-17,1.1149
2019-12-18,1.1111
2019-12-19,1.112
2019-12-20,1.1078
2019-12-23,1.1086
2019-12-24,1.1087
2019-12-25,1.109
2019-12-26,1.1096
2019-12-27,1.1175
2019-12-30,1.1197
2019-12-31,1.121
2020-01-01,1.121
2020-01-02,1.117
2020-01-03,1.1158
2020-01-06,1.1193
2020-01-07,1.1151
2020-01-08,1.1103
2020-01-09,1.1105
2020-01-10,1.112
2020-01-13,1.1133
2020-01-14,1.1127
2020-01-15,1.1149
2020-01-16,1.1135
2020-01-17,1.1088
2020-01-20,1.1094
2020-01-21,1.1082
2020-01-22,1.1091
2020-01-23,1.1052
2020-01-24,1.1023
2020-01-27,1.1016
2020-01-28,1.102
2020-01-29,1.1009
2020-01-30,1.103
2020-01-31,1.1093
2020-02-03,1.1058
2020-02-04,1.1042
2020-02-05,1.0997
2020-02-06,1.098
2020-02-07,1.0943
2020-02-10,1.0909
2020-02-11,1.0914
2020-02-12,1.0871
2020-02-13,1.084
2020-02-14,1.083
2020-02-17,1.0834
2020-02-18,1.0791
2020-02-19,1.0804
2020-02-20,1.0783
2020-02-21,1.0843
2020-02-24,1.0852
2020-02-25,1.0879
2020-02-26,1.0879
2020-02-27,1.0998
2020-02-28,1.1025
2020-03-02,1.1132
2020-03-03,1.1171
2020-03-04,1.1134
2020-03-05,1.1239
2020-03-06,1.1285
2020-03-09,1.1447
2020-03-10,1.1279
2020-03-11,1.1267
2020-03-12,1.1183
2020-03-13,1.1105
2020-03-16,1.1181
2020-03-17,1.0996
2020-03-18,1.0913
2020-03-19,1.069
2020-03-20,1.0694
2020-03-23,1.0721
2020-03-24,1.0787
2020-03-25,1.088
2020-03-26,1.1028
2020-03-27,1.114
2020-03-30,1.1046
2020-03-31,1.1029
2020-04-01,1.0962
2020-04-02,1.0856
2020-04-03,1.0808
2020-04-06,1.0791
2020-04-07,1.0889
2020-04-08,1.0856
2020-04-09,1.0927
2020-04-10,1.0935
2020-04-13,1.0913
2020-04-14,1.0979
2020-04-15,1.0907
2020-04-16,1.0835
2020-04-17,1.0876
2020-04-20,1.0862
2020-04-21,1.0856
2020-04-22,1.0822
2020-04-23,1.0776
2020-04-24,1.082
2020-04-27,1.0828
2020-04-28,1.0818
2020-04-29,1.0873
2020-04-30,1.0955
2020-05-01,1.0983
2020-05-04,1.0906
2020-05-05,1.0838
2020-05-06,1.0794
2020-05-07,1.0832
2020-05-08,1.084
2020-05-11,1.0806
2020-05-12,1.0846
2020-05-13,1.0816
2020-05-14,1.0804
2020-05-15,1.0815
2020-05-18,1.0912
2020-05-19,1.0921
2020-05-20,1.0977
2020-05-21,1.0949
2020-05-22,1.09
2020-05-25,1.0899
2020-05-26,1.098
2020-05-27,1.1003
2020-05-28,1.1076
2020-05-29,1.1098
2020-06-01,1.1134
2020-06-02,1.1169
2020-06-03,1.1232
2020-06-04,1.1336
2020-06-05,1.1284
2020-06-08,1.1292
2020-06-09,1.134
2020-06-10,1.1369
2020-06-11,1.1297
2020-06-12,1.1254
2020-06-15,1.1322
2020-06-16,1.1263
2020-06-17,1.1243
2020-06-18,1.1202
2020-06-19,1.1175
2020-06-22,1.1258
2020-06-23,1.1306
2020-06-24,1.125
2020-06-25,1.1217
2020-06-26,1.1217
2020-06-29,1.124
2020-06-30,1.1231
2020-07-01,1.125
2020-07-02,1.1238
2020-07-03,1.1248
2020-07-06,1.1308
2020-07-07,1.127
2020-07-08,1.1329
2020-07-09,1.1281
2020-07-10,1.1298
2020-07-13,1.134
2020-07-14,1.1396
2020-07-15,1.141
2020-07-16,1.1383
2020-07-17,1.1426
2020-07-20,1.1444
2020-07-21,1.1526
2020-07-22,1.1568
2020-07-23,1.1594
2020-07-24,1.1654
2020-07-27,1.1751
2020-07-28,1.1714
2020-07-29,1.179
2020-07-30,1.1846
2020-07-31,1.1774
2020-08-03,1.1761
2020-08-04,1.18
2020-08-05,1.1861
2020-08-06,1.1875
2020-08-07,1.1786
2020-08-10,1.1736
2020-08-11,1.1739
2020-08-12,1.1782
2020-08-13,1.1812
2020-08-14,1.1841
2020-08-17,1.1869
2020-08-18,1.1929
2020-08-19,1.1836
2020-08-20,1.1859
2020-08-21,1.1795
2020-08-24,1.1787
2020-08-25,1.1833
2020-08-26,1.1829
2020-08-27,1.1821
2020-08-28,1.1903
2020-08-31,1.1936
2020-09-01,1.191
2020-09-02,1.1853
2020-09-03,1.1849
2020-09-04,1.1838
2020-09-07,1.1817
2020-09-08,1.1779
2020-09-09,1.1802
2020-09-10,1.1813
2020-09-11,1.1845
2020-09-14,1.1868
2020-09-15,1.1845
2020-09-16,1.1814
2020-09-17,1.1847
2020-09-18,1.1837
2020-09-21,1.1769
2020-09-22,1.1706
2020-09-23,1.1659
2020-09-24,1.1672
2020-09-25,1.163
2020-09-28,1.1664
2020-09-29,1.1742
2020-09-30,1.1718
2020-10-01,1.1747
2020-10-02,1.1713
2020-10-05,1.1781
2020-10-06,1.1734
2020-10-07,1.176
2020-10-08,1.1758
2020-10-09,1.1824
2020-10-12,1.1813
2020-10-13,1.1744
2020-10-14,1.1746
2020-10-15,1.1706
2020-10-16,1.1718
2020-10-19,1.1766
2020-10-20,1.1821
2020-10-21,1.1861
2020-10-22,1.1816
2020-10-23,1.1859
2020-10-26,1.1808
2020-10-27,1.1795
2020-10-28,1.1744
2020-10-29,1.1674
2020-10-30,1.1647
2020-11-02,1.164
2020-11-03,1.1711
2020-11-04,1.1722
2020-11-05,1.1821
2020-11-06,1.1872
2020-11-09,1.1813
2020-11-10,1.1814
2020-11-11,1.1777
2020-11-12,1.1804
2020-11-13,1.1832
2020-11-16,1.1853
2020-11-17,1.1861
2020-11-18,1.1852
2020-11-19,1.1873
2020-11-20,1.1853
2020-11-23,1.184
2020-11-24,1.1888
2020-11-25,1.1913
2020-11-26,1.1913
2020-11-27,1.1962
2020-11-30,1.1928
2020-12-01,1.207
2020-12-02,1.2115
2020-12-03,1.214
2020-12-04,1.212
2020-12-07,1.2108
2020-12-08,1.2101
2020-12-09,1.2081
2020-12-10,1.2136
2020-12-11,1.2111
2020-12-14,1.2143
2020-12-15,1.2151
2020-12-16,1.2197
2020-12-17,1.2266
2020-12-18,1.2255
2020-12-21,1.2242
2020-12-22,1.2161
2020-12-23,1.2185
2020-12-24,1.2186
2020-12-25,1.2204
2020-12-28,1.2214
2020-12-29,1.2247
2020-12-30,1.2295
2020-12-31,1.2213
2021-01-01,1.2212
2021-01-04,1.2248
2021-01-05,1.2294
2021-01-06,1.2325
2021-01-07,1.227
2021-01-08,1.2218
2021-01-11,1.2149
2021-01-12,1.2207
2021-01-13,1.2157
2021-01-14,1.2156
2021-01-15,1.2078
2021-01-18,1.2076
2021-01-19,1.2128
2021-01-20,1.2104
2021-01-21,1.2162
2021-01-22,1.2167
2021-01-25,1.2137
2021-01-26,1.216
2021-01-27,1.2108
2021-01-28,1.2121
2021-01-29,1.2136
2021-02-01,1.2059
2021-02-02,1.2042
2021-02-03,1.2034
2021-02-04,1.1962
2021-02-05,1.2042
2021-02-08,1.2048
2021-02-09,1.2117
2021-02-10,1.2116
2021-02-11,1.2128
2021-02-12,1.2118
2021-02-15,1.2127
2021-02-16,1.2104
2021-02-17,1.2036
2021-02-18,1.2088
2021-02-19,1.2117
2021-02-22,1.2154
2021-02-23,1.2149
2021-02-24,1.2164
2021-02-25,1.2176
2021-02-26,1.2074
2021-03-01,1.2047
2021-03-02,1.2089
2021-03-03,1.2062
2021-03-04,1.1966
2021-03-05,1.1917
2021-03-08,1.1843
2021-03-09,1.1898
2021-03-10,1.1925
2021-03-11,1.1984
2021-03-12,1.1952
2021-03-15,1.1928
2021-03-16,1.19
2021-03-17,1.1978
2021-03-18,1.1915
2021-03-19,1.1903
2021-03-22,1.1931
2021-03-23,1.1849
2021-03-24,1.1812
2021-03-25,1.1764
2021-03-26,1.1796
2021-03-29,1.1762
2021-03-30,1.1714
2021-03-31,1.1728
2021-04-01,1.1775
2021-04-02,1.1762
2021-04-05,1.1811
2021-04-06,1.1875
2021-04-07,1.187
2021-04-08,1.1912
2021-04-09,1.1896
2021-04-12,1.1909
2021-04-13,1.1946
2021-04-14,1.1978
2021-04-15,1.1965
2021-04-16,1.1983
2021-04-19,1.2033
2021-04-20,1.2033
2021-04-21,1.2033
2021-04-22,1.2015
2021-04-23,1.2099
2021-04-26,1.2083
2021-04-27,1.209
2021-04-28,1.2123
2021-04-29,1.2118
2021-04-30,1.2018
2021-05-03,1.2061
2021-05-04,1.2013
2021-05-05,1.2005
2021-05-06,1.2064
2021-05-07,1.2163
2021-05-10,1.2129
2021-05-11,1.2146
2021-05-12,1.2069
2021-05-13,1.2078
2021-05-14,1.214
2021-05-17,1.2151
2021-05-18,1.222
2021-05-19,1.2172
2021-05-20,1.2226
2021-05-21,1.2179
2021-05-24,1.2215
2021-05-25,1.225
2021-05-26,1.219
2021-05-27,1.2192
2021-05-28,1.2189
2021-05-31,1.2225
2021-06-01,1.2211
2021-06-02,1.2209
2021-06-03,1.2124
2021-06-04,1.2165
2021-06-07,1.2189
2021-06-08,1.2171
2021-06-09,1.2178
2021-06-10,1.2169
2021-06-11,1.2106
2021-06-14,1.2118
2021-06-15,1.2124
2021-06-16,1.1994
2021-06-17,1.1906
2021-06-18,1.186
2021-06-21,1.1915
2021-06-22,1.1938
2021-06-23,1.1925
2021-06-24,1.193
2021-06-25,1.1933
2021-06-28,1.1924
2021-06-29,1.1895
2021-06-30,1.1855
2021-07-01,1.1848
2021-07-02,1.1864
2021-07-05,1.1861
2021-07-06,1.1822
2021-07-07,1.1789
2021-07-08,1.1842
2021-07-09,1.1873
2021-07-12,1.1859
2021-07-13,1.1774
2021-07-14,1.1835
2021-07-15,1.1812
2021-07-16,1.1805
2021-07-19,1.1798
2021-07-20,1.1779
2021-07-21,1.1792
2021-07-22,1.177
2021-07-23,1.1771
2021-07-26,1.1799
2021-07-27,1.1814
2021-07-28,1.1842
2021-07-29,1.1886
2021-07-30,1.187
2021-08-02,1.1867
2021-08-03,1.186
2021-08-04,1.1835
2021-08-05,1.1832
2021-08-06,1.176
2021-08-09,1.1737
2021-08-10,1.1718
2021-08-11,1.1737
2021-08-12,1.1727
2021-08-13,1.1791
2021-08-16,1.1777
2021-08-17,1.1708
2021-08-18,1.171
2021-08-19,1.1674
2021-08-20,1.1696
2021-08-23,1.1743
2021-08-24,1.1753
2021-08-25,1.177
2021-08-26,1.175
2021-08-27,1.1793
2021-08-30,1.1795
2021-08-31,1.1807
2021-09-01,1.1837
2021-09-02,1.1873
2021-09-03,1.1882
2021-09-06,1.1868
2021-09-07,1.1839
2021-09-08,1.1813
2021-09-09,1.1825
2021-09-10,1.1814
2021-09-13,1.1808
2021-09-14,1.1802
2021-09-15,1.1815
2021-09-16,1.1764
2021-09-17,1.1725
2021-09-20,1.1725
2021-09-21,1.1723
2021-09-22,1.1686
2021-09-23,1.1736
2021-09-24,1.1714
2021-09-27,1.1694
2021-09-28,1.1681
2021-09-29,1.1595
2021-09-30,1.1581
2021-10-01,1.1594
2021-10-04,1.1621
2021-10-05,1.1596
2021-10-06,1.1556
2021-10-07,1.155
2021-10-08,1.1567
2021-10-11,1.1551
2021-10-12,1.1527
2021-10-13,1.1592
2021-10-14,1.1594
2021-10-15,1.16
2021-10-18,1.1609
2021-10-19,1.1632
2021-10-20,1.1649
2021-10-21,1.1621
2021-10-22,1.1647
2021-10-25,1.1606
2021-10-26,1.1595
2021-10-27,1.1604
2021-10-28,1.1679
2021-10-29,1.1561
2021-11-01,1.1606
2021-11-02,1.1577
2021-11-03,1.161
2021-11-04,1.1552
2021-11-05,1.1566
2021-11-08,1.1586
2021-11-09,1.1591
2021-11-10,1.1478
2021-11-11,1.145
2021-11-12,1.145
2021-11-15,1.1367
2021-11-16,1.1319
2021-11-17,1.1319
2021-11-18,1.1369
2021-11-19,1.1288
2021-11-22,1.1234
2021-11-23,1.1246
2021-11-24,1.1197
2021-11-25,1.1206
2021-11-26,1.1317
2021-11-29,1.1291
2021-11-30,1.1336
2021-12-01,1.1319
2021-12-02,1.1299
2021-12-03,1.1313
2021-12-06,1.1285
2021-12-07,1.1263
2021-12-08,1.1342
2021-12-09,1.1292
2021-12-10,1.1311
2021-12-13,1.1283
2021-12-14,1.1257
2021-12-15,1.1285
2021-12-16,1.1328
2021-12-17,1.1239
2021-12-20,1.1275
2021-12-21,1.1283
2021-12-22,1.1324
2021-12-23,1.1328
2021-12-24,1.1317
2021-12-27,1.1325
2021-12-28,1.1309
2021-12-29,1.1348
2021-12-30,1.1323
2021-12-31,1.1368
2022-01-03,1.1294
2022-01-04,1.1285
2022-01-05,1.1313
2022-01-06,1.1291
2022-01-07,1.1359
2022-01-10,1.1324
2022-01-11,1.1364
2022-01-12,1.1442
2022-01-13,1.1453
2022-01-14,1.1414
2022-01-17,1.1407
2022-01-18,1.1325
2022-01-19,1.1341
2022-01-20,1.131
2022-01-21,1.134
2022-01-24,1.1323
2022-01-25,1.1299
2022-01-26,1.1237
2022-01-27,1.1143
2022-01-28,1.1143
2022-01-31,1.1233
2022-02-01,1.1269
2022-02-02,1.1303
2022-02-03,1.1438
2022-02-04,1.1446
2022-02-07,1.1442
2022-02-08,1.1414
2022-02-09,1.1422
2022-02-10,1.1427
2022-02-11,1.1349
2022-02-14,1.1305
2022-02-15,1.1356
2022-02-16,1.1373
2022-02-17,1.136
2022-02-18,1.1321
2022-02-21,1.131
2022-02-22,1.1325
2022-02-23,1.1309
2022-02-24,1.1191
2022-02-25,1.1267
2022-02-28,1.1219
2022-03-01,1.1126
2022-03-02,1.1121
2022-03-03,1.1064
2022-03-04,1.0926
2022-03-07,1.0852
2022-03-08,1.0899
2022-03-09,1.1075
2022-03-10,1.0983
2022-03-11,1.0909
2022-03-14,1.0939
2022-03-15,1.0951
2022-03-16,1.1032
2022-03-17,1.1089
2022-03-18,1.1055
2022-03-21,1.1014
2022-03-22,1.1027
2022-03-23,1.1004
2022-03-24,1.0996
2022-03-25,1.0981
2022-03-28,1.0978
2022-03-29,1.1085
2022-03-30,1.1156
2022-03-31,1.1065
2022-04-01,1.1053
2022-04-04,1.097
2022-04-05,1.0903
2022-04-06,1.0893
2022-04-07,1.0878
2022-04-08,1.0876
2022-04-11,1.0883
2022-04-12,1.0826
2022-04-13,1.0885
2022-04-14,1.0827
2022-04-15,1.0806
2022-04-18,1.078
2022-04-19,1.0786
2022-04-20,1.085
2022-04-21,1.0836
2022-04-22,1.0794
2022-04-25,1.0711
2022-04-26,1.0636
2022-04-27,1.0555
2022-04-28,1.0494
2022-04-29,1.0541
2022-05-02,1.0504
2022-05-03,1.052
2022-05-04,1.0621
2022-05-05,1.054
2022-05-06,1.0551
2022-05-09,1.0555
2022-05-10,1.0527
2022-05-11,1.0511
2022-05-12,1.0379
2022-05-13,1.0411
2022-05-16,1.0431
2022-05-17,1.0547
2022-05-18,1.0466
2022-05-19,1.0586
2022-05-20,1.056
2022-05-23,1.0689
2022-05-24,1.0734
2022-05-25,1.068
2022-05-26,1.0724
2022-05-27,1.0727
2022-05-30,1.0777
2022-05-31,1.0733
2022-06-01,1.0646
2022-06-02,1.0745
2022-06-03,1.0718
2022-06-06,1.0694
2022-06-07,1.0699
2022-06-08,1.0714
2022-06-09,1.0614
2022-06-10,1.0515
2022-06-13,1.0408
2022-06-14,1.0414
2022-06-15,1.0443
2022-06-16,1.0547
2022-06-17,1.0498
2022-06-20,1.0509
2022-06-21,1.0525
2022-06-22,1.0565
2022-06-23,1.0523
2022-06-24,1.0554
2022-06-27,1.0583
2022-06-28,1.0518
2022-06-29,1.0439
2022-06-30,1.0482
2022-07-01,1.0428
2022-07-04,1.0421
2022-07-05,1.0266
2022-07-06,1.0181
2022-07-07,1.0159
2022-07-08,1.0183
2022-07-11,1.0039
2022-07-12,1.0036
2022-07-13,1.006
2022-07-14,1.0016
2022-07-15,1.0087
2022-07-18,1.0141
2022-07-19,1.0224
2022-07-20,1.0177
2022-07-21,1.0228
2022-07-22,1.021
2022-07-25,1.022
2022-07-26,1.0114
2022-07-27,1.0202
2022-07-28,1.0196
2022-07-29,1.0218
2022-08-01,1.0261
2022-08-02,1.0164
2022-08-03,1.0164
2022-08-04,1.0243
2022-08-05,1.0181
2022-08-08,1.0195
2022-08-09,1.0211
2022-08-10,1.0297
2022-08-11,1.0317
2022-08-12,1.0258
2022-08-15,1.016
2022-08-16,1.017
2022-08-17,1.018
2022-08-18,1.0088
2022-08-19,1.0034
2022-08-22,0.9941
2022-08-23,0.9967
2022-08-24,0.9965
2022-08-25,0.9974
2022-08-26,0.9961
2022-08-29,0.9995
2022-08-30,1.0012
2022-08-31,1.0057
2022-09-01,0.9944
2022-09-02,0.9951
2022-09-05,0.9926
2022-09-06,0.9902
2022-09-07,0.9999
2022-09-08,0.9994
2022-09-09,1.0039
2022-09-12,1.0119
2022-09-13,0.997
2022-09-14,0.9977
2022-09-15,0.9999
2022-09-16,1.0015
2022-09-19,1.0022
2022-09-20,0.997
2022-09-21,0.9837
2022-09-22,0.9836
2022-09-23,0.969
2022-09-26,0.9606
2022-09-27,0.9592
2022-09-28,0.9734
2022-09-29,0.9814
2022-09-30,0.9799
2022-10-03,0.9824
2022-10-04,0.9983
2022-10-05,0.9882
2022-10-06,0.9788
2022-10-07,0.9741
2022-10-10,0.97
2022-10-11,0.9703
2022-10-12,0.9704
2022-10-13,0.9773
2022-10-14,0.9719
2022-10-17,0.9838
2022-10-18,0.9852
2022-10-19,0.9771
2022-10-20,0.9783
2022-10-21,0.986
2022-10-24,0.9874
2022-10-25,0.9964
2022-10-26,1.0077
2022-10-27,0.9962
2022-10-28,0.9963
2022-10-31,0.9883
2022-11-01,0.9874
2022-11-02,0.9817
2022-11-03,0.9751
2022-11-04,0.996
2022-11-07,1.0019
2022-11-08,1.0072
2022-11-09,1.0011
2022-11-10,1.0208
2022-11-11,1.0352
2022-11-14,1.0325
2022-11-15,1.0348
2022-11-16,1.0392
2022-11-17,1.036
2022-11-18,1.0324
2022-11-21,1.0241
2022-11-22,1.0302
2022-11-23,1.0395
2022-11-24,1.0408
2022-11-25,1.0395
2022-11-28,1.0337
2022-11-29,1.0327
2022-11-30,1.0405
2022-12-01,1.0522
2022-12-02,1.0538
2022-12-05,1.0491
2022-12-06,1.0469
2022-12-07,1.0505
2022-12-08,1.0556
2022-12-09,1.053
2022-12-12,1.0535
2022-12-13,1.063
2022-12-14,1.0682
2022-12-15,1.0626
2022-12-16,1.0582
2022-12-19,1.0605
2022-12-20,1.0621
2022-12-21,1.0603
2022-12-22,1.0593
2022-12-23,1.0614
2022-12-26,1.0635
2022-12-27,1.0638
2022-12-28,1.0608
2022-12-29,1.0661
2022-12-30,1.0702
2023-01-02,1.0662
2023-01-03,1.0546
2023-01-04,1.0599
2023-01-05,1.052
2023-01-06,1.0644
2023-01-09,1.0728
2023-01-10,1.0734
2023-01-11,1.0755
2023-01-12,1.0846
2023-01-13,1.0828
2023-01-16,1.0816
2023-01-17,1.0788
2023-01-18,1.0792
2023-01-19,1.0827
2023-01-20,1.0855
2023-01-23,1.0868
2023-01-24,1.0885
2023-01-25,1.0915
2023-01-26,1.0889
2023-01-27,1.0867
2023-01-30,1.0844
2023-01-31,1.0862
2023-02-01,1.0989
2023-02-02,1.091
2023-02-03,1.0793
2023-02-06,1.073
2023-02-07,1.0723
2023-02-08,1.0709
2023-02-09,1.0736
2023-02-10,1.0675
2023-02-13,1.072
2023-02-14,1.0735
2023-02-15,1.0689
2023-02-16,1.0668
2023-02-17,1.0694
2023-02-20,1.0682
2023-02-21,1.0646
2023-02-22,1.0601
2023-02-23,1.0595
2023-02-24,1.0546
2023-02-27,1.0607
2023-02-28,1.0576
2023-03-01,1.0665
2023-03-02,1.0596
2023-03-03,1.0632
2023-03-06,1.0678
2023-03-07,1.0547
2023-03-08,1.0544
2023-03-09,1.058
2023-03-10,1.0643
2023-03-13,1.0729
2023-03-14,1.0732
2023-03-15,1.0575
2023-03-16,1.0605
2023-03-17,1.0666
2023-03-20,1.0719
2023-03-21,1.0767
2023-03-22,1.0855
2023-03-23,1.083
2023-03-24,1.0759
2023-03-27,1.0796
2023-03-28,1.0843
2023-03-29,1.0843
2023-03-30,1.0901
2023-03-31,1.0839
2023-04-03,1.0895
2023-04-04,1.0952
2023-04-05,1.0903
2023-04-06,1.092
2023-04-07,1.0897
2023-04-10,1.0859
2023-04-11,1.091
2023-04-12,1.0989
2023-04-13,1.1044
2023-04-14,1.1
2023-04-17,1.0926
2023-04-18,1.0971
2023-04-19,1.0954
2023-04-20,1.0967
2023-04-21,1.0987
2023-04-24,1.1041
2023-04-25,1.0972
2023-04-26,1.104
2023-04-27,1.1027
2023-04-28,1.102
2023-05-01,1.0975
2023-05-02,1.0999
2023-05-03,1.1059
2023-05-04,1.1011
2023-05-05,1.1017
2023-05-08,1.1004
2023-05-09,1.096
2023-05-10,1.098
2023-05-11,1.0914
2023-05-12,1.0848
2023-05-15,1.0872
2023-05-16,1.0861
2023-05-17,1.0839
2023-05-18,1.0769
2023-05-19,1.0802
2023-05-22,1.0811
2023-05-23,1.0768
2023-05-24,1.0748
2023-05-25,1.0719
2023-05-26,1.0724
2023-05-29,1.0705
2023-05-30,1.0733
2023-05-31,1.0688
2023-06-01,1.0761
2023-06-02,1.0706
2023-06-05,1.0712
2023-06-06,1.0691
2023-06-07,1.0697
2023-06-08,1.0781
2023-06-09,1.0747
2023-06-12,1.0757
2023-06-13,1.0791
2023-06-14,1.0831
2023-06-15,1.0945
2023-06-16,1.0933
2023-06-19,1.0922
2023-06-20,1.0916
2023-06-21,1.0984
2023-06-22,1.0956
2023-06-23,1.0889
2023-06-26,1.0904
2023-06-27,1.0959
2023-06-28,1.0911
2023-06-29,1.0864
2023-06-30,1.091
2023-07-03,1.0911
2023-07-04,1.0877
2023-07-05,1.0851
2023-07-06,1.0887
2023-07-07,1.0967
2023-07-10,1.0999
2023-07-11,1.1006
2023-07-12,1.1128
2023-07-13,1.1224
2023-07-14,1.1227
2023-07-17,1.1234
2023-07-18,1.1226
2023-07-19,1.1198
2023-07-20,1.1128
2023-07-21,1.1123
2023-07-24,1.1062
2023-07-25,1.1053
2023-07-26,1.1083
2023-07-27,1.0973
2023-07-28,1.1015
2023-07-31,1.0993
2023-08-01,1.0982
2023-08-02,1.0936
2023-08-03,1.0944
2023-08-04,1.101
2023-08-07,1.1002
2023-08-08,1.0954
2023-08-09,1.0973
2023-08-10,1.0979
2023-08-11,1.0944
2023-08-14,1.0904
2023-08-15,1.0904
2023-08-16,1.0874
2023-08-17,1.0871
2023-08-18,1.0865
2023-08-21,1.0891
2023-08-22,1.0844
2023-08-23,1.0859
2023-08-24,1.0809
2023-08-25,1.08
2023-08-28,1.0817
2023-08-29,1.0877
2023-08-30,1.0924
2023-08-31,1.0841
2023-09-01,1.0773
2023-09-04,1.0794
2023-09-05,1.072
2023-09-06,1.0727
2023-09-07,1.0699
2023-09-08,1.0699
2023-09-11,1.0748
2023-09-12,1.0752
2023-09-13,1.0728
2023-09-14,1.0641
2023-09-15,1.0655
2023-09-18,1.069
2023-09-19,1.0677
2023-09-20,1.0659
2023-09-21,1.0658
2023-09-22,1.0652
2023-09-25,1.059
2023-09-26,1.057
2023-09-27,1.05
2023-09-28,1.0559
2023-09-29,1.057
2023-10-02,1.0476
2023-10-03,1.0465
2023-10-04,1.0503
2023-10-05,1.0548
2023-10-06,1.0586
2023-10-09,1.0565
2023-10-10,1.0603
2023-10-11,1.0617
2023-10-12,1.0526
2023-10-13,1.0509
2023-10-16,1.0558
2023-10-17,1.0575
2023-10-18,1.0535
2023-10-19,1.0579
2023-10-20,1.0593
2023-10-23,1.0668
2023-10-24,1.0588
2023-10-25,1.0563
2023-10-26,1.056
2023-10-27,1.0564
2023-10-30,1.0613
2023-10-31,1.0576
2023-11-01,1.0568
2023-11-02,1.062
2023-11-03,1.0729
2023-11-06,1.0715
2023-11-07,1.0699
2023-11-08,1.0707
2023-11-09,1.0666
2023-11-10,1.0681
2023-11-13,1.0697
2023-11-14,1.0879
2023-11-15,1.0846
2023-11-16,1.085
2023-11-17,1.0907
2023-11-20,1.0938
2023-11-21,1.0909
2023-11-22,1.0887
2023-11-23,1.0904
2023-11-24,1.0939
2023-11-27,1.0953
2023-11-28,1.099
2023-11-29,1.0968
2023-11-30,1.0886
2023-12-01,1.0881
2023-12-04,1.0836
2023-12-05,1.0795
2023-12-06,1.0762
2023-12-07,1.0792
2023-12-08,1.0761
2023-12-11,1.0761
2023-12-12,1.0792
2023-12-13,1.0873
2023-12-14,1.0991
2023-12-15,1.0894
2023-12-18,1.0922
2023-12-19,1.098
2023-12-20,1.0938
2023-12-21,1.1008
2023-12-22,1.101
2023-12-25,1.1007
2023-12-26,1.1042
2023-12-27,1.1103
2023-12-28,1.1059
2023-12-29,1.1036
2024-01-01,1.1044
2024-01-02,1.0947
2024-01-03,1.0921
2024-01-04,1.0943
2024-01-05,1.0941
2024-01-08,1.0949
2024-01-09,1.0931
2024-01-10,1.0971
2024-01-11,1.097
2024-01-12,1.0949
2024-01-15,1.0948
2024-01-16,1.0874
2024-01-17,1.0881
2024-01-18,1.0874
2024-01-19,1.0897
2024-01-22,1.0881
2024-01-23,1.0851
2024-01-24,1.0883
2024-01-25,1.0846
2024-01-26,1.0852
2024-01-29,1.0833
2024-01-30,1.084
2024-01-31,1.0816
2024-02-01,1.0872
2024-02-02,1.0784
2024-02-05,1.0741
2024-02-06,1.0754
2024-02-07,1.0771
2024-02-08,1.0776
2024-02-09,1.0782
2024-02-12,1.0771
2024-02-13,1.0709
2024-02-14,1.0725
2024-02-15,1.0771
2024-02-16,1.0774
2024-02-19,1.0777
2024-02-20,1.0803
2024-02-21,1.0817
2024-02-22,1.0823
2024-02-23,1.0818
2024-02-26,1.0847
2024-02-27,1.0844
2024-02-28,1.0836
2024-02-29,1.0803
2024-03-01,1.0837
2024-03-04,1.0854
2024-03-05,1.0855
2024-03-06,1.0897
2024-03-07,1.0946
2024-03-08,1.0937
2024-03-11,1.0926
2024-03-12,1.0924
2024-03-13,1.0946
2024-03-14,1.0881
2024-03-15,1.0887
2024-03-18,1.0871
2024-03-19,1.0865
2024-03-20,1.0918
2024-03-21,1.086
2024-03-22,1.0805
2024-03-25,1.0836
2024-03-26,1.083
2024-03-27,1.0826
2024-03-28,1.0787
2024-03-29,1.0793
2024-04-01,1.0743
2024-04-02,1.0768
2024-04-03,1.0835
2024-04-04,1.0835
2024-04-05,1.0835
2024-04-08,1.0858
2024-04-09,1.0855
2024-04-10,1.0742
2024-04-11,1.0724
2024-04-12,1.0642
2024-04-15,1.0622
2024-04-16,1.0617
2024-04-17,1.0671
2024-04-18,1.0643
2024-04-19,1.0654
2024-04-22,1.0654
2024-04-23,1.0699
2024-04-24,1.0697
2024-04-25,1.0729
2024-04-26,1.0692
2024-04-29,1.0719
2024-04-30,1.0665
2024-05-01,1.0709
2024-05-02,1.0725
2024-05-03,1.0758
2024-05-06,1.0768
2024-05-07,1.0752
2024-05-08,1.0745
2024-05-09,1.0781
2024-05-10,1.0769
2024-05-13,1.0788
2024-05-14,1.0818
2024-05-15,1.0882
2024-05-16,1.0865
2024-05-17,1.087
2024-05-20,1.0855
2024-05-21,1.0854
2024-05-22,1.0821
2024-05-23,1.0813
2024-05-24,1.0845
2024-05-27,1.0858
2024-05-28,1.0855
2024-05-29,1.08
2024-05-30,1.0832
2024-05-31,1.0841
2024-06-03,1.0902
2024-06-04,1.0878
2024-06-05,1.0868
2024-06-06,1.0888
2024-06-07,1.08
2024-06-10,1.0763
2024-06-11,1.0739
2024-06-12,1.0807
2024-06-13,1.0735
2024-06-14,1.07
2024-06-17,1.0734
2024-06-18,1.0738
2024-06-19,1.0742
2024-06-20,1.07
2024-06-21,1.0691
2024-06-24,1.0732
2024-06-25,1.0713
2024-06-26,1.0679
2024-06-27,1.0702
2024-06-28,1.0713
2024-07-01,1.0738
2024-07-02,1.0744
2024-07-03,1.0786
2024-07-04,1.081
2024-07-05,1.0836
2024-07-08,1.0822
2024-07-09,1.0812
2024-07-10,1.083
2024-07-11,1.0865
2024-07-12,1.0906
2024-07-15,1.0894
2024-07-16,1.0897
2024-07-17,1.0937
2024-07-18,1.0896
2024-07-19,1.0877
2024-07-22,1.0889
2024-07-23,1.0851
2024-07-24,1.0839
2024-07-25,1.0844
2024-07-26,1.0857
2024-07-29,1.0819
2024-07-30,1.0815
2024-07-31,1.0825
2024-08-01,1.0791
2024-08-02,1.0908
2024-08-05,1.0952
2024-08-06,1.093
2024-08-07,1.0921
2024-08-08,1.0918
2024-08-09,1.0916
2024-08-12,1.0931
2024-08-13,1.0992
2024-08-14,1.1012
2024-08-15,1.0971
2024-08-16,1.1028
2024-08-19,1.1085
2024-08-20,1.113
2024-08-21,1.115
2024-08-22,1.1112
2024-08-23,1.119
2024-08-26,1.1161
2024-08-27,1.1184
2024-08-28,1.112
2024-08-29,1.1077
2024-08-30,1.1047
2024-09-02,1.1071
2024-09-03,1.1043
2024-09-04,1.1082
2024-09-05,1.111
2024-09-06,1.1083
2024-09-09,1.1034
2024-09-10,1.1019
2024-09-11,1.1011
2024-09-12,1.1074
2024-09-13,1.1076
2024-09-16,1.1132
2024-09-17,1.1113
2024-09-18,1.1118
2024-09-19,1.1161
2024-09-20,1.1162
2024-09-23,1.1112
2024-09-24,1.118
2024-09-25,1.1132
2024-09-26,1.1176
2024-09-27,1.1163
2024-09-30,1.1134
2024-10-01,1.1067
2024-10-02,1.1045
2024-10-03,1.1031
2024-10-04,1.0976
2024-10-07,1.0974
2024-10-08,1.098
2024-10-09,1.0939
2024-10-10,1.0935
2024-10-11,1.0937
2024-10-14,1.0909
2024-10-15,1.089
2024-10-16,1.0861
2024-10-17,1.0831
2024-10-18,1.0866
2024-10-21,1.0815
2024-10-22,1.0797
2024-10-23,1.0781
2024-10-24,1.0827
2024-10-25,1.0793
2024-10-28,1.0812
2024-10-29,1.0818
2024-10-30,1.0855
2024-10-31,1.0883
2024-11-01,1.0834
2024-11-04,1.0877
2024-11-05,1.093
2024-11-06,1.0728
2024-11-07,1.0804
2024-11-08,1.0718
2024-11-11,1.0654
2024-11-12,1.0623
2024-11-13,1.0563
2024-11-14,1.053
2024-11-15,1.0541
2024-11-18,1.0599
2024-11-19,1.0595
2024-11-20,1.0543
2024-11-21,1.0473
2024-11-22,1.0417
2024-11-25,1.0494
2024-11-26,1.0486
2024-11-27,1.0564
2024-11-28,1.0553
2024-11-29,1.0575
2024-12-02,1.0497
2024-12-03,1.0509
2024-12-04,1.051
2024-12-05,1.0586
2024-12-06,1.0568
2024-12-09,1.0552
2024-12-10,1.0526
2024-12-11,1.0494
2024-12-12,1.0467
2024-12-13,1.0502
2024-12-16,1.051
2024-12-17,1.0489
2024-12-18,1.0352
2024-12-19,1.0362
2024-12-20,1.0429
2024-12-23,1.0405
2024-12-24,1.0397
2024-12-25,1.0404
2024-12-26,1.0422
2024-12-27,1.0427
2024-12-30,1.0407
2024-12-31,1.0353
2025-01-01,1.0355
2025-01-02,1.0265
2025-01-03,1.0308
2025-01-06,1.039
2025-01-07,1.0339
2025-01-08,1.0318
2025-01-09,1.0298
2025-01-10,1.0244
2025-01-13,1.0244
2025-01-14,1.0307
2025-01-15,1.0289
2025-01-16,1.0298
2025-01-17,1.0271
2025-01-20,1.0414
2025-01-21,1.0429
2025-01-22,1.0407
2025-01-23,1.0415
2025-01-24,1.0493
2025-01-27,1.0491
2025-01-28,1.0428
2025-01-29,1.042
2025-01-30,1.039
2025-01-31,1.0362
2025-02-03,1.0344
2025-02-04,1.0377
2025-02-05,1.0402
2025-02-06,1.0381
2025-02-07,1.0327
2025-02-10,1.0306
2025-02-11,1.036
2025-02-12,1.0382
2025-02-13,1.0464
2025-02-14,1.0491
2025-02-17,1.0482
2025-02-18,1.0445
2025-02-19,1.0421
2025-02-20,1.05
2025-02-21,1.0458
2025-02-24,1.0466
2025-02-25,1.0513
2025-02-26,1.0483
2025-02-27,1.0397
2025-02-28,1.0375
2025-03-03,1.0486
2025-03-04,1.0624
2025-03-05,1.079
2025-03-06,1.0783
2025-03-07,1.0832
2025-03-10,1.0832
2025-03-11,1.0918
2025-03-12,1.0886
2025-03-13,1.0852
2025-03-14,1.0879
2025-03-17,1.0921
2025-03-18,1.0943
2025-03-19,1.0901
2025-03-20,1.0851
2025-03-21,1.0814
2025-03-24,1.08
2025-03-25,1.0791
2025-03-26,1.0752
2025-03-27,1.0801
2025-03-28,1.0827
2025-03-31,1.0817
2025-04-01,1.0793
2025-04-02,1.0855
2025-04-03,1.105
2025-04-04,1.0955
2025-04-07,1.0904
2025-04-08,1.0956
2025-04-09,1.0951
2025-04-10,1.1197
2025-04-11,1.136
2025-04-14,1.1349
2025-04-15,1.1281
2025-04-16,1.1398
2025-04-17,1.1363
2025-04-18,1.1391
2025-04-21,1.1513
2025-04-22,1.142
2025-04-23,1.1315
2025-04-24,1.1389
2025-04-25,1.1365
2025-04-28,1.1422
2025-04-29,1.1386
2025-04-30,1.1329
2025-05-01,1.1292
2025-05-02,1.1296
2025-05-05,1.1315
2025-05-06,1.137
2025-05-07,1.13
2025-05-08,1.1228
2025-05-09,1.1248
2025-05-12,1.1096
